,0,1,2,3,4,5
0,-160.4005317728472,517.1415795444987,1090.0762785062286,1164.9470545650954,5.358603225621738,0.5842949834103818
1,-156.42657523914303,490.19462943262937,1161.465321620817,1115.4632908991998,4.415164876475648,0.3962019868753531
2,-159.12113851207187,486.02562592442285,1150.2274725479372,1125.932216817761,5.026789254307213,0.5211324351523807
3,-154.9393499900714,440.6671065064197,1232.3327473353843,1078.2706212418366,4.227959211129783,0.4633277599777201
4,-158.7769316576678,481.7202180537709,1149.013423391278,1128.8520983897358,4.898928977745123,0.5728389295109785
5,-151.8877793575723,522.2622880587152,1111.0259150675781,1143.0153483092001,4.867631734197906,0.5775066692127631
6,-157.1826142973554,489.5622528728485,1150.8469774619625,1123.9018017655242,5.0431350590163975,0.5444523497644317
7,-157.68513120391043,450.68085691117784,1198.7970125516902,1101.0304383798862,5.499306391188533,0.49583866921372766
8,-159.0547431215432,505.1788239630542,1116.9581985312889,1143.8513681752388,4.946164352426872,0.5093577427248848
9,-155.26241610982606,475.5733847814442,1178.0451744293568,1106.7387435479532,4.814645881994301,0.44515719106622453
10,-155.29150767996407,458.9742098657039,1201.3204894600515,1096.042147834763,4.859312383108143,0.3907602101139223
11,-155.2504171183368,492.47266619999607,1151.4196421346503,1122.144380916788,5.294299519924137,0.4790291336091155
12,-156.38823211499036,486.46510581616064,1161.4982980270977,1116.622891507191,4.853803568679828,0.44810122301343347
13,-154.0459296833768,456.12328330605584,1208.2358941523282,1090.2526866110572,4.629177065613219,0.39507093251685227
14,-154.68960089102112,433.21475407150615,1238.2638007412993,1076.1270212441482,4.9322696764748715,0.49428941543632066
15,-154.91238058122855,475.56697515797924,1173.0922063522557,1112.479605952683,5.1941474482291365,0.3594615638853151
16,-157.14591613401677,441.96794327331713,1206.4911238912566,1098.722303863523,4.946124297854128,0.4575056851127911
17,-155.66521292862873,468.50112195860294,1183.3021445219447,1106.8285755862023,4.849461587870645,0.41642292452738866
18,-159.10412995300655,514.3318044321745,1102.6541436740893,1154.1327665228046,5.2166228831882195,0.5319757397224919
19,-156.4465916046009,448.08654166762057,1207.1249680913136,1095.4460419238555,5.263437480364215,0.2639781325052378
20,-153.30644412438804,467.9693757016225,1191.9876681816631,1099.8317822541428,4.922199422556896,0.5179376977564901
21,-157.51741969493588,485.83059768667357,1150.0613425159559,1126.1617701745831,4.932207904502908,0.4247280136847958
22,-159.53876777718943,485.7356622901704,1153.5966287358165,1121.6273904922245,4.948235857639607,0.3974670136664364
23,-156.0973500589023,474.82906360839047,1161.332904229625,1122.3684748921803,5.177833635880613,0.40925449855700025
24,-159.5102039820485,519.461662449108,1083.2453511301794,1167.4327393581345,4.87443079657413,0.5006891998801104
25,-155.02411267772618,452.9311509988031,1204.7626221735234,1096.0880120036568,4.972029311752525,0.5003954918692846
26,-157.1876824555359,513.5556149920967,1115.059626871183,1144.215999844252,4.5990806744907475,0.3663501913557518
27,-155.95473035266627,485.3515442523152,1156.3114418496343,1121.9290942085152,4.524672098650085,0.42350608141339713
28,-158.53957488641268,518.5700071818052,1095.1169226307431,1159.7185066144684,5.003596104688201,0.5016118318001783
29,-153.51085517165276,480.37857668013675,1174.2965681891274,1107.4200422303215,4.571374786486307,0.357408748102209
30,-157.38972358582689,483.66065278015714,1149.5330711449471,1127.5491065146673,4.866862651340716,0.45089091907537665
31,-159.68539288665636,522.6319733999022,1086.6416210443506,1165.2070971935802,4.6790463150099635,0.5111767329380555
32,-153.60402392870606,478.56969523198086,1175.9948072938173,1106.8167741564337,5.468834868771993,0.5060906064869687
33,-154.16430582644097,490.00826561262613,1160.8401933999546,1114.6862171990977,4.554897314612148,0.39512154350901496
34,-158.6462631099587,476.6334469510213,1159.9906211617624,1121.9501494415913,4.852985548314599,0.3001737151880597
35,-162.7621770995622,472.90910099165893,1147.4488153486932,1133.9846657229905,4.822341349364609,0.5158114003965161
36,-158.37509265534572,535.9714652038593,1064.9020103910743,1175.4959706436634,4.746811944696054,0.5349294153387871
37,-156.79397819366793,487.0314461096148,1158.7264886116013,1121.908932331775,5.257910021889156,0.5056032901551603
38,-160.41870398917433,529.8497106207644,1078.8199124204612,1166.4509182619265,4.421529526847692,0.46521454473235124
39,-158.16900764251906,497.30972680197004,1129.6109084417433,1137.6289404567392,5.338801376631252,0.5278901387367888
40,-157.38680575293415,472.64521635268926,1172.9971423945415,1109.8069475576715,5.288694511178133,0.5966866789854258
41,-161.63922848325706,478.32039786641724,1148.689854064113,1130.5914366310947,5.420230580992799,0.610001507556703
42,-161.77791543028806,486.2085653948772,1134.5334433648836,1137.4457687004478,5.563526099903913,0.555953582526422
43,-155.20314214196674,473.897791368672,1174.1443319237378,1112.3029531909267,4.605414626959444,0.5270741094488209
44,-152.101016267767,455.54237052679076,1215.283178138263,1084.7796585545188,4.639529472428202,0.41310078028743324
45,-160.2350326951035,561.0880811274674,1031.6060184117077,1195.8024547241637,5.324889793523221,0.5460883664643795
46,-154.36306117846968,477.42845542491636,1180.9075475631469,1102.2326282632412,5.0144693595918834,0.53831818451486
47,-149.08594023239118,456.5704516173096,1221.3046156518474,1079.9855723964774,4.519141627628217,0.4850886811419029
48,-159.1912939420582,511.8732801742733,1098.0495274014477,1159.6578265610337,5.123649028029458,0.5056603738853233
49,-161.00291002668843,537.7253008277695,1054.5076690716378,1182.4417368684879,5.026973639388737,0.4180562481364117
50,-160.30323218541508,511.0382137811571,1111.7304419071306,1147.4731369888038,4.938457000726454,0.43941097948734914
51,-157.7381653089814,515.4026175559632,1114.1056487094238,1143.1874650362943,4.963992897798571,0.5258020410174283
52,-153.3383281779665,469.79226964297305,1188.6065998206404,1101.2523536272613,4.883033474978533,0.4854584790944186
53,-154.88681662037578,473.37901337761645,1182.2410666962733,1107.16299597284,4.799728687465098,0.5038000389179905
54,-158.2826670568958,518.1652773424328,1102.2178295851463,1152.0007548780363,4.432084271103387,0.3962244960146457
55,-160.1564352308837,483.55343798846263,1149.5804527496812,1127.5734803327123,4.405478146110585,0.5242315582661544
56,-160.49053310995808,496.0635180607861,1128.8252614997612,1140.1817609155678,4.259227957051082,0.5101487695488195
57,-158.93425077940176,513.1527207530622,1114.0934185662688,1143.992223361181,4.8470678919658265,0.4935419666129971
58,-156.85790584610587,481.61604079425683,1166.3459704043262,1115.432122910746,4.990113773169916,0.46326839499992384
59,-156.49288013653413,466.8632549493213,1182.4153651829085,1106.3676821131235,4.083773801285272,0.5740398318450693
60,-154.96307606348333,490.52070159343157,1151.0263757606708,1123.3489980270385,4.772492407399703,0.562596129223215
61,-155.54435140587054,479.12140162610024,1163.0246984056105,1118.6911715562326,5.09129445607348,0.4845342901777767
62,-156.36563071578942,465.57228086103373,1192.1978933313464,1101.8884810806703,4.9825028600397,0.4646503488846154
63,-158.33400889471275,504.00409379442215,1117.8367752615388,1146.4118700859149,4.395227788732599,0.6428178125263524
64,-161.73259922296845,552.6856782793486,1034.0151281678266,1191.9238762236985,4.994884518570995,0.48410129837332627
65,-158.16559160750842,510.1810881809607,1114.784431357179,1145.7298601691734,4.346721637437772,0.4488663166702161
66,-154.40596059387883,455.92070900043626,1198.0395695246066,1098.2394813056978,5.206994266682512,0.5255627434957328
67,-158.6340994668459,468.622391396279,1166.3553246798,1120.507363451773,4.583877332611826,0.6384879303757269
68,-159.66611757735973,473.28419431896765,1161.3331377606712,1122.7300432532818,4.991668975655774,0.4787528071321592
69,-160.39867997260092,461.16450466735137,1179.51885660259,1113.5807850669428,4.576597000140205,0.405363539981234
70,-156.782337815514,516.9256279774481,1108.918612333958,1147.06950576766,4.674681945842069,0.4860952946480216
71,-156.70277062593044,511.0229454529487,1125.4402626623807,1137.0087133857357,4.903725149082079,0.4572378303740119
72,-155.4187225478688,523.654482219075,1112.6786368657272,1141.5451222905476,4.310888654504702,0.4052277376367128
73,-162.54908330801794,488.6433761138814,1127.4992642715254,1144.8963643779389,5.078788205573794,0.41428096287485017
74,-155.87557283642235,480.1700394362498,1164.6273238878368,1115.7975544110852,4.824143355930052,0.541851474508655
75,-156.46664914411753,515.3104798707891,1114.9667023096933,1143.6700236378051,4.660826926037366,0.48047082993478674
76,-157.31335024074716,485.670479530677,1149.9502672837546,1126.3032957621294,5.325148372989945,0.54223960310086
77,-157.46630980321174,505.3309528264342,1119.141006715504,1143.895072763976,5.280988013523386,0.43560295574462676
78,-155.1858617146515,510.3739680648964,1122.5979678894084,1138.3740011217596,4.852062293642549,0.5595276897289331
79,-155.93608323312532,471.9906208751986,1180.6412546532692,1108.2010337366055,4.717080799838986,0.5560381604602477
80,-161.37371696261812,542.8729903543326,1053.0275462006357,1183.6951526124174,5.087431630527355,0.45204654537271705
81,-159.1383912876268,526.8080865968757,1089.2093595350118,1157.469059690309,5.052243301945052,0.42042243932604806
82,-157.91963487909425,500.82608074454606,1129.8904647772536,1135.6853408437382,4.813939748678759,0.4823869571310579
83,-155.7903011595392,420.89381584556304,1248.5854238814445,1070.5648620922427,5.075767223360686,0.5257240172924771
84,-155.40432683761202,472.52802433748275,1183.0845046708973,1105.0324710113066,5.373097128145821,0.5318102097589632
85,-156.4326334175602,471.8259807474583,1170.335733046337,1116.1788179196456,4.590204987415412,0.5095571229497056
86,-157.71620587638856,506.5582652972909,1118.8272890388423,1141.470727905595,5.346151394574357,0.430658331280266
87,-157.01710033540962,540.8249827407838,1065.0508939845292,1172.884498021817,4.799090712551429,0.3644199414662998
88,-154.64900487874928,498.0461023803823,1147.04350764696,1126.8358356130748,4.621974213403074,0.5278121669511822
89,-158.04845979537788,472.36071364425044,1164.3971395272858,1121.0318920102666,4.8710953470329725,0.43001527068499007
90,-156.87642515565014,525.4090927687372,1090.1371651981308,1160.059662759713,5.217012938832335,0.4932761407648065
91,-157.5663845412545,498.9857234678549,1131.179065664465,1138.4027577861639,4.642971111544364,0.565560595426169
92,-155.13440169349005,471.06522417691497,1186.0029540153919,1102.5097141537597,4.977371594032824,0.3746331484429984
93,-158.19118030057072,499.59972314750854,1136.9220324206215,1131.211400997162,4.574876037214471,0.6402067337873437
94,-153.39972633371602,451.25633023614074,1218.5847581777298,1084.0561499823432,4.842139076556994,0.5250121148949546
95,-154.80781757276864,455.1419888585065,1203.6628773207976,1093.2251893719256,5.3027251422199555,0.5048316263468166
96,-158.54055596215457,510.72284977801417,1104.3898434053688,1152.9065717597769,4.851683553715909,0.6631506673829609
97,-151.62507002680766,461.80658045499615,1208.0761036161966,1087.5914598990587,5.556010550733576,0.5398842231594828
98,-156.2862852860401,459.59506644232516,1203.1997554848192,1093.7021042674376,4.386552886018937,0.5708449007004718
99,-158.7415120146464,522.3391078217188,1101.6454481169267,1150.9808391048657,4.7755906277393665,0.5837939492211237
100,-159.43602332881977,493.03758179616136,1125.5067801517864,1143.0830191932712,5.384671892773777,0.34698954704545004
101,-155.44453189711825,460.98605951778245,1201.802338659554,1094.9592636497903,4.7641238639868355,0.44412364939229293
102,-158.98113591723524,501.1314497203668,1119.6298542295453,1142.0073721387112,5.453637146758957,0.556185434204356
103,-157.1489231429279,457.262535741003,1187.7075547274846,1106.1639170489896,5.272322853398158,0.48959005268637273
104,-154.70868511262918,492.0381655771777,1151.3079272791203,1122.4195192494485,4.4474003023967486,0.5326255704799824
105,-156.9199353700346,910.3040927292957,1728.687345359311,2000.0,5.168068843993583,0.3887264745615129
106,-155.62708220359278,476.32446816612554,1171.9917153902916,1111.228511780437,4.573307129998275,0.6178308483633905
107,-156.85185121057404,479.3040088228916,1161.0625971231652,1119.7135581541888,5.3107605445685735,0.526472288065452
108,-160.34407351325672,547.5953409293958,1056.010965730932,1178.2900304981695,4.716574473062777,0.4795544282162404
109,-155.78067471577873,444.29304950224883,1220.2178287598488,1085.9888481434284,4.197593756532744,0.48126050906061063
110,-161.03811707147236,519.5783622775169,1093.3387151496042,1158.8432210993612,5.076953574270727,0.3915819470891387
111,-159.05960377712015,480.1941180017322,1148.7703946775487,1129.712364269269,5.593562554785262,0.5120337578713142
112,-154.976674970004,487.8177699367523,1162.057661298493,1116.0156458552485,4.44055240768402,0.588937023007155
113,-157.44031974567835,466.37107014509945,1176.3546430472256,1110.5849610465948,5.392778635389215,0.49751187058773516
114,-153.50310434689706,470.9345613086617,1189.190283907908,1099.6773250285628,4.567226581202339,0.5342297071829317
115,-161.37145863112625,503.2517073970985,1108.0556176563332,1155.2483942819854,4.963120317518836,0.5871365416203876
116,-157.89685474562725,469.0263144695706,1178.3301765515628,1109.1397404995357,4.553713941370917,0.5631039748920421
117,-160.2411868710759,525.391193935659,1089.8795342469255,1158.511450113908,4.748431922775086,0.5649797343249983
118,-155.01492031347698,461.89482660942747,1185.5548699543879,1104.0170637533085,4.8911217078666365,0.5304333174990464
119,-152.99868466574307,448.5286590811718,1223.3952904330736,1082.0171641673537,5.372180057610175,0.5945767508751426
120,-155.58077318848711,461.1638724462383,1193.7269543418388,1098.8727503665407,4.325564006350809,0.5758238780470312
121,-156.53555556562978,495.7314089688376,1146.273814166678,1125.5478736573402,4.9573939748968705,0.5175896232245283
122,-155.4012870747766,498.54988172771095,1132.5762710729969,1135.5192925579165,5.09601135516537,0.49018783615537626
123,-156.7134550023441,515.5316620329857,1116.5480079875751,1141.6115217038068,4.670240586570293,0.48811345340376266
124,-158.23524504558785,476.9727706105366,1157.741959258935,1123.7135663937706,5.366006870469999,0.564999422398678
125,-155.03054574766855,485.23852462533813,1163.7369204468732,1113.3065027702337,4.766340603563989,0.589160230112279
126,-156.27423325433128,492.1457623627342,1151.383998883089,1122.3093760402323,4.927796950047217,0.4684135458654517
127,-157.2814860630275,448.9468899746229,1211.1397667218898,1092.8351587708294,4.907074914145315,0.5009571969003662
128,-155.95731812340878,529.1901198962344,1100.8207282958085,1147.4718632445627,5.450004440662574,0.5263312141995113
129,-158.598679226485,469.2930111924192,1170.7095206152637,1115.568904259767,4.709587195905028,0.5153819100912886
130,-154.02746224695755,464.04795317357286,1192.5357396669338,1098.3693845127696,4.689254102708612,0.5371143637864431
131,-154.31895314260734,463.89853244301275,1190.888567586789,1101.0044849519,4.942456315511668,0.5377160770703242
132,-159.29968412692673,505.659712755826,1116.955067430775,1144.4504710799265,4.899572890502811,0.4816219290802121
133,-157.05444651300476,515.1318465838551,1116.3841377987483,1142.3039361804379,4.844605935919789,0.4348995086310879
134,-157.9467323300318,501.5416037506243,1123.9135389127166,1140.4914271172277,4.772517867633187,0.49331349323500256
135,-153.40524235477986,491.26775435424327,1162.367621920852,1115.1404576422783,4.462733165760439,0.5434324938595998
136,-158.23567635343565,490.80531052774376,1135.9247845792556,1134.7858238160593,4.5241399187927716,0.3803491786000555
137,-149.88333525248208,454.99756542549477,1221.371888452836,1079.5426452632794,4.820016142110812,0.4410687742933226
138,-157.04391316237482,516.4456950312369,1115.371458993621,1140.693904652932,5.176026507367898,0.44469575147269236
139,-155.50526045544964,491.7191766539259,1142.014061811502,1128.8992815626211,4.761475399774703,0.5788991026280819
140,-156.64843474318167,489.40473165278553,1143.9559852484776,1129.2334553043615,4.734237739798999,0.243609839139984
141,-151.47417884150514,481.6454043197348,1182.9671825872713,1100.7322218008785,4.631214868526264,0.5106755550994166
142,-155.4971655187914,481.82590781238264,1164.021681896892,1116.7861472937686,5.158545489268496,0.4641996641586381
143,-158.5976206202329,509.0429035031822,1121.9466867922697,1139.317623319709,5.751030902101479,0.4276047326541079
144,-156.00561309033574,483.532899743506,1157.818696004866,1119.7176153132812,5.14140255945687,0.3516356314536997
145,-154.69927820573653,514.4150215242095,1124.8628114521628,1132.6218559944095,5.413184028366296,0.3942358236277918
146,-156.65009523817056,486.65986375959716,1156.896765433497,1119.0947794030872,4.478545597211865,0.6056903897408412
147,-156.5602524155164,456.70787493934927,1199.4281071206346,1097.1999766020824,5.278684922614474,0.5666376629171538
148,-155.83241638617957,496.8318093504126,1144.6005330685618,1126.8757182740485,5.196213393234468,0.41511919022134686
149,-153.3097685622032,465.2445747381398,1196.3872673445053,1096.2466985656233,5.034273165991023,0.5174928276055666
150,-157.13752615434677,469.603372600899,1176.672967557972,1111.2616644380253,4.638853971630502,0.5344583839859901
151,-149.87730936715388,453.5922624579722,1224.737781922465,1077.1905575562698,4.95966701966487,0.4883498220717177
152,-154.40488523355253,438.2329648414443,1232.45743761199,1079.5539265340522,4.688313900245735,0.3983505268499679
153,-156.4346218361323,482.62776316289677,1169.7451338337885,1109.9645594334477,5.854797100688737,0.4923557927244558
154,-154.91602334967874,485.1040333148376,1162.4809665250873,1116.0129783518462,4.738507583681348,0.33897586799365026
155,-156.92915158275528,486.3322039456578,1150.212342427294,1125.8429801257919,5.085760138568402,0.5200000121090206
156,-156.63495549244865,485.84721262050397,1154.3647214511536,1120.7587961307752,5.175787871176673,0.41368100000142183
157,-156.3533450917925,481.6670815505543,1161.4911284717427,1117.1878202471985,4.261643440265104,0.5227725138382545
158,-160.83100657474256,543.7113506877583,1053.6542325207251,1181.0364780812279,4.519657221648319,0.5140840246103663
159,-155.75525000908837,503.9948133020593,1131.2565553734555,1134.9486632005724,5.011866631620274,0.49774318249367083
160,-154.83414480065773,478.384851881046,1173.006622847027,1109.0188696062903,4.627892799295747,0.4883461020937614
161,-157.13070085316926,498.97173692078303,1138.4577078270008,1129.383933258218,4.6126788298035954,0.435714257062428
162,-156.76207018582497,450.96751977523985,1202.9005547598804,1098.138353993432,4.368134381810157,0.3894422719751385
163,-151.9320613030099,458.2250926173795,1203.0658668508038,1093.9243955006075,4.897482838174431,0.3514602765695301
164,-152.99648593179933,461.56583681086283,1203.179259050315,1090.969969097344,5.160650409577133,0.4658014874131239
165,-160.33355924898476,510.51885355022375,1098.6669728759425,1154.4856702592615,5.506310793815266,0.5908441446693928
166,-156.29111542698786,518.2628442771618,1111.7406838562472,1143.9389174075304,5.004660697497159,0.392832956083965
167,-153.72375330489334,476.0049721084718,1186.5048086928014,1099.8546064846266,4.477660326798542,0.44209094931937193
168,-154.56658899961874,471.19276344456824,1193.2532112651197,1096.2803834839017,4.837968626347383,0.32422156673264113
169,-158.08989019118454,478.86588125961714,1148.5581079814185,1130.465412374218,4.8898234020310225,0.459331678845353
170,-159.02820767259556,545.7354953004066,1059.9109459541698,1176.440827106095,4.325176594653353,0.5844907918587089
171,-155.66720480494718,480.75246968419685,1168.6772901764357,1116.0237686408354,5.031116387177044,0.5776237974876592
172,-156.68164094389368,511.439197777725,1109.3035164957128,1147.7125725285669,4.515399523901681,0.4895456912106185
173,-160.16104299173315,565.5601407637878,1028.8539237700224,1192.7787083444164,4.9418192041680715,0.5064989554822062
174,-153.51845761593708,458.117144952891,1205.367870230155,1091.292332690936,4.811061316167427,0.3341511506259043
175,-150.96140861848133,446.70122837210965,1227.9743956223776,1076.1654346686928,5.044365045349806,0.5139240238181767
176,-158.1371127758604,482.26364506666533,1156.5045374691285,1124.596919009354,4.794024437167698,0.5120782750434401
177,-154.82635834655719,486.10025702330523,1150.129843761422,1126.0036037245452,4.880340132678137,0.5278935480824262
178,-159.03737108839815,517.0598019124741,1097.1911184086096,1158.0921342450627,4.446277420983905,0.49377039025400515
179,-160.22587948443478,535.8178704310639,1067.9721901968305,1172.0435004690062,4.8636037729952095,0.5303420790454878
180,-153.0939401760463,439.96603047282713,1226.7905739121986,1082.4178748850798,4.285552301218596,0.49498402163616684
181,-158.1180107564145,513.8507166068479,1115.2006161078943,1143.6745634354943,4.220603318840854,0.35862523857205014
182,-156.08238204156888,439.1334742383934,1215.0125492814927,1091.9012265234649,4.977479586319295,0.5159248132157036
183,-160.6974143221184,543.5815938225567,1050.5077137347619,1182.748731554448,4.549384706501708,0.41267378228576757
184,-156.0077903887084,477.44177517730105,1168.3943857624522,1113.1757542053203,5.038795349811763,0.5020840480631175
185,-158.53592051596175,533.5969246840035,1074.795257159378,1168.4502193829987,5.031567484662593,0.4608498684627197
186,-161.20091788718494,509.727706100739,1103.6514227045186,1154.6814221114216,4.886943579610828,0.5366572881527667
187,-156.74147915004608,495.50283974232167,1140.843049192087,1131.7053848838254,5.059516580822069,0.3436646768308158
188,-157.08498523658506,511.39419599211686,1111.7048095520802,1146.83625946678,4.670581429850356,0.4829945798816108
189,-156.63369073641582,527.0768459148572,1092.0699198101504,1156.7325354456532,4.7955977912356795,0.4527570078238543
190,-157.26063882374842,472.542024483034,1160.9271119415162,1123.361711383181,5.07485271519337,0.5360555310258532
191,-158.49541103197936,509.00320368928317,1113.8819679491305,1146.349625521176,4.273300843033553,0.5734548057247858
192,-157.34368174776796,474.3503113043877,1169.567374795575,1114.6356364559922,4.840299454725281,0.38646971914636025
193,-156.31526290507065,480.0313354221873,1170.0233190766642,1111.0059419453676,4.86801570764315,0.4157401585162983
194,-157.52002891061073,530.1969598222529,1087.0750176698987,1158.821740272793,4.509033092363996,0.6377045803806306
195,-156.82196556016495,469.0935942764449,1180.949466369011,1107.8050608268368,4.778692091152489,0.5564453621972606
196,-159.39934350212664,502.5465161654473,1125.0051566555521,1138.9513060569475,5.55798781716655,0.49938236114743884
197,-151.12865191108756,482.091828703034,1191.105867655457,1094.2352533713727,5.105668693206708,0.5120354158490265
198,-158.05360902115493,507.64869213088616,1121.0337583755747,1141.7894430801466,5.077587184878369,0.5156068125743287
199,-159.3037701719271,514.287447456666,1100.1330096516351,1154.4387522420766,4.751491045849388,0.4638600033854687
200,-158.96518531830645,511.60565188179896,1110.0035044130984,1147.0739604676187,5.218022289967515,0.511206759688762
201,-161.567616450144,514.8018208617607,1091.3346152718889,1161.3009651590985,5.091435359643717,0.5692444056556282
202,-157.78751727384486,482.75575958351794,1149.3664018772922,1128.0759332771086,4.937178884144363,0.5655696632335122
203,-155.6170592163753,502.1355911116615,1127.947317538402,1136.601757391339,4.965208401785656,0.4131369703020177
204,-158.73867235708434,480.6704790937553,1161.4147449763361,1120.4221351252036,4.991488431993133,0.6133667943011369
205,-158.09369141805263,502.33370523036444,1116.7139205701371,1146.2794596590986,5.00416361274128,0.45611149569163695
206,-157.57887347333676,468.0225900822361,1178.4171518947342,1109.8038658399962,4.950328844631091,0.44366143891888404
207,-155.41573642092456,490.41872800631245,1150.9270081399984,1123.4502621437218,4.6086540799905436,0.48752924586411944
208,-152.7901364621809,451.1917164206071,1219.5807509591227,1082.7630445130267,5.233198773796571,0.5322955278633307
209,-158.58812498120685,482.53838837055656,1149.4060978774114,1128.1602886314956,5.189758274726469,0.4845218202138816
210,-154.5096563819806,432.98642119729806,1238.7031175440418,1075.8669963176628,4.7697931752870995,0.6069463171608557
211,-157.20051231690613,497.76220175100366,1152.698982419232,1118.7730224852796,5.256927880264067,0.4235010329004104
212,-156.6576456378244,502.0979057351522,1128.8173140603405,1138.3973748627964,4.9907717848470305,0.49143743131638984
213,-157.01986629168232,484.44588675600704,1149.8241734729509,1126.9863362515387,4.720302306480518,0.6222739927283334
214,-157.32075610216697,475.86335099928607,1168.5637464951585,1113.962672478841,5.4212960003856345,0.4620027973160174
215,-155.513963792988,537.7374607451916,1095.7647670946344,1150.18250901615,4.778853255551852,0.4797923617828554
216,-157.41924332133502,514.8551080159738,1108.3977114664713,1148.3505946210237,4.57934920801406,0.5107192291541478
217,-158.98772839954364,456.26040894322006,1183.6565779326759,1113.5570121616186,5.029598619802142,0.48145492162414577
218,-160.01918332426987,513.2455895123071,1091.7282563700323,1160.750475264282,5.337285445085578,0.6332581139202792
219,-158.8355511666351,506.87268121181654,1114.3521757050378,1146.238049908782,4.670322328667213,0.4963582317577997
220,-158.7462690300994,503.4883424018286,1114.956190012959,1145.7276807122323,4.885715899944608,0.4638015847561933
221,-158.65128517624206,483.66034286977197,1149.622754305182,1127.4474814235211,5.118064199581962,0.4820842775870372
222,-160.8594131328817,514.8924353014186,1093.4125597878065,1158.717138202479,5.047729497698768,0.3743970353142878
223,-155.19058433556032,481.735777148696,1161.0557138549311,1118.3923496960294,4.797066511182079,0.6404161728404142
224,-160.87396309761078,510.9735192682577,1105.7133282108055,1151.5599906288899,5.109602413128758,0.5499310752730927
225,-161.7734723643675,503.2764498633464,1119.051758300253,1146.8859948762565,5.012893341432294,0.4704367010273567
226,-155.40953047017223,475.08272315975205,1167.3330336154768,1116.7205012564925,4.990635542958793,0.49416646890727306
227,-159.58076906596213,522.6802189429344,1094.727054626034,1159.2501291996707,4.934935450007876,0.48255315810476723
228,-157.38997990489773,499.0476376570081,1128.9682661870952,1139.418464177583,5.04039212079897,0.5758413666181321
229,-158.6075804393527,495.03428516788864,1128.8606543340802,1139.1653119787786,5.207431022890818,0.4465558025694815
230,-158.54148427144864,501.25402682250245,1126.4542651870477,1139.8086745081014,5.214157618561602,0.5845889375169119
231,-157.2668633132836,529.4932567708012,1087.814993383215,1157.9371399686192,4.498462438898305,0.4672448373384894
232,-154.63904076737975,452.19641577579324,1215.018184255864,1086.8616954357722,4.1055877645726575,0.40164829056030216
233,-154.92304995457206,452.2993594446822,1208.7622307472086,1091.7195711622685,5.2490533390488405,0.45899443898551673
234,-157.42112678968962,486.1508515735569,1150.099982149967,1125.9840867534651,4.384044424388369,0.6456696910974314
235,-159.07694345473573,512.7636855478428,1103.724170548313,1153.4272951106636,4.246262690055126,0.3863164272834989
236,-157.8568420754973,485.44141621046936,1150.0429622636489,1126.3556891466303,5.543584124116824,0.453829636139441
237,-155.48024438287828,475.60350414674406,1167.8624256757846,1116.0439381283634,4.917163831383592,0.47825096024185026
238,-158.94987892564086,506.78590599782626,1125.7370141946703,1136.519101764631,4.596909137779868,0.5252136539877882
239,-155.97819686539083,487.57480069423923,1150.3668211694055,1125.1542604768003,5.085339813045351,0.6591046034008516
240,-157.8984455274767,452.45291048359866,1200.496434213694,1099.4609257952086,4.894152260731731,0.34410581427501524
241,-159.79455954579623,534.1215754603743,1063.049566146571,1178.145773827549,5.4408935294291645,0.3366680298411593
242,-156.1333365236863,466.9253121065336,1185.6734863433899,1104.5521984593724,4.878581460906017,0.5706785215520425
243,-157.69093580949095,490.7498601069819,1137.5925077721065,1136.0255971541403,4.5620871760639785,0.41814988032889505
244,-153.27947440639258,471.2758805887081,1199.1014613648165,1092.5040530038584,4.661726440678046,0.5186746252523828
245,-158.2395366427795,484.3466666545993,1149.6851178470624,1127.1542270619004,4.816880262822604,0.4877565223477407
246,-156.5979654013571,466.3874934008922,1182.8348055869715,1106.8991154435132,4.9274915314303085,0.6075674085231032
247,-159.21082811228752,480.2822100458403,1154.6430896462598,1123.8334463708325,5.170271714507202,0.4002136077478976
248,-160.09449792541244,508.14947860281876,1108.075962753371,1152.3171625898383,4.595261699184202,0.43330580279167685
249,-154.3927094999713,469.77850109117065,1181.3561531253129,1103.9050898343019,4.690612752210814,0.5066610192477654
250,-160.94978636953053,499.3433178702996,1105.5146308217663,1157.6334515666204,5.289755461982446,0.4483236199385188
251,-158.02221608204363,481.59866606756356,1156.9220616543548,1121.5669179731142,4.736392854820061,0.6296947977211865
252,-159.83914315483955,537.4052073450341,1070.5166852798568,1171.4283433783157,5.078603283238092,0.5884517817415919
253,-155.40647410811448,494.25881009329413,1155.2990152853738,1118.7563248118192,4.545206897492615,0.4824075834485294
254,-158.34461144732506,481.35887307731093,1158.3610042700193,1121.6539131734114,4.96521465584597,0.40395997540388584
255,-153.9974439269781,474.6903725500694,1179.632629817158,1106.8096715016197,4.532137362802274,0.5100327672546282
256,-158.33544101271102,564.2560067386507,1038.57310720582,1184.5522131154144,4.652875767008194,0.5975762448038832
257,-152.7088105988034,456.1465463541335,1212.0704737283936,1086.8674053084133,5.0000244196747206,0.5243998986471784
258,-153.4715684761331,472.48815041660515,1183.361010332555,1106.2544777696637,4.59174595411529,0.5880203083228934
259,-154.42619174759906,475.55090002720516,1178.1204499876824,1105.188349758794,4.748572529637845,0.5939847509793743
260,-159.1701325490152,470.7462602898426,1161.90193044051,1124.1872752311874,4.996177203530403,0.4458661783994443
261,-159.8893023726109,546.4529353493515,1058.9794850005135,1178.8823380420624,4.947816362344443,0.6133228989487748
262,-162.15321566962996,493.47193326955465,1118.0359053396771,1149.0010202581343,4.623831449096974,0.6146013068967916
263,-151.88449541159912,442.52715690992443,1235.9040389626257,1073.3554700529876,4.991045123997731,0.40952720944106846
264,-155.9988181768097,471.9860301989998,1175.523596854381,1111.9840656541196,5.033357465620745,0.5169260185404426
265,-153.5195028466263,494.2628588794654,1157.1048673165217,1117.187278549434,4.488237416424862,0.27334190952660353
266,-159.81210817809614,510.4633705613087,1102.2996272785413,1157.7580467989053,4.720511640892811,0.5200112680004378
267,-159.35290094547693,475.5081914573068,1157.8693273996564,1123.165373211983,4.757807525484737,0.42928233258205417
268,-160.64903363378525,522.780471236501,1080.5359261460187,1167.1299811478468,4.66614739112863,0.4413388321839764
269,-150.98750245308085,472.80978511349485,1191.1785186316595,1096.74012740387,4.699305478664259,0.44483791388832494
270,-158.30003215029336,509.06410605816876,1107.0576644086323,1152.8726678277812,4.486103257962079,0.5191821698146115
271,-157.20048364684024,454.0667164948193,1198.8297660172807,1100.555446792367,5.0454669134317065,0.47054674660592194
272,-157.70025622882343,524.6198159545055,1094.4579701937719,1155.5646529178002,4.308010529971588,0.5660454253560442
273,-154.38903188190568,465.92420088840265,1196.3700666828456,1097.1848278055456,4.6430944180920175,0.6057108888745443
274,-157.39730650232727,511.3220937888233,1110.7949422964907,1151.0842336781766,4.983122988047386,0.6027676298701876
275,-153.26189330813347,452.31800731519894,1223.1065466343791,1080.7396374440505,4.947716448219278,0.47624332239117667
276,-154.5037820233227,446.85776811921113,1220.5756404837039,1086.507057344843,4.495956361213764,0.5310932276514349
277,-161.69975113685416,459.2794847289079,1169.7642396852889,1121.8714764525505,4.913277320882821,0.32866628624389005
278,-154.6125462666129,463.72714651095424,1205.1137250637453,1091.495239558423,4.566533504243887,0.5946215803963044
279,-160.83647983938673,518.9114070742734,1083.366512911013,1168.7559379211639,4.442903406142665,0.5366659530421072
280,-156.42133378855112,487.81506801042275,1144.481549847026,1129.1406583722978,5.266307653697257,0.39568934847911313
281,-156.3092678163611,489.5687239269074,1150.8345208930823,1123.8838345464023,4.645068019922455,0.5575281057917582
282,-156.59317767484816,470.70817297293553,1166.794594313984,1116.081180647433,5.223730116381199,0.5035648818865774
283,-156.1916573543574,488.1194886475605,1150.4490165918157,1124.8319716830908,4.633978747795616,0.48844699399077884
284,-159.78187970017285,482.1603300227599,1149.470333211711,1128.2719559049872,4.691248170868528,0.5784652661264645
285,-153.03602331786314,443.2072174774833,1230.6084186122819,1075.9459135168154,4.817656249620612,0.5093732110494755
286,-158.89070032274847,513.9707661964926,1098.998749071653,1155.5609106752563,4.6859761231681425,0.4879509680347359
287,-159.79154643083538,513.8828260728195,1100.6092282613806,1155.172708521197,4.991553891198636,0.39035881777259446
288,-157.0045331072921,490.41533234381217,1150.6457856144864,1123.6793973273261,5.1163158312197226,0.6309902408768945
289,-153.79464489912357,482.4384584550705,1173.9736902922998,1108.6837498511154,4.9328508049294255,0.49681957924766385
290,-154.49130197459112,467.38132437864806,1186.564739039231,1104.8402339322033,4.656827396360146,0.6305535225904564
291,-157.8213083908173,491.60686380316594,1151.2503554559378,1122.6768174279518,4.674151489256947,0.5125949558468481
292,-155.6533530776422,492.09663639273106,1151.036673477333,1122.6302326472153,5.181174748760037,0.5924545802440424
293,-156.00562450941862,488.31332279966523,1164.556674196534,1114.8919330111526,4.821769085593994,0.507819334032507
294,-153.03586328609285,446.147790022066,1232.402935029907,1073.9911518836839,4.823095894092023,0.46725536275173024
295,-157.57617833171724,499.7451878836442,1125.0952695881433,1141.2877847832206,4.9630433082764736,0.45028602935949347
296,-155.8776646259644,480.25107049866205,1167.5254200843935,1113.2448548153934,5.075703229005846,0.4821729549799166
297,-157.02769073474832,504.35153745924873,1118.6576823875016,1142.6271955416878,4.963059235973495,0.48741282343959264
298,-155.02887155846693,475.46126489850235,1170.5402367265758,1113.7446785489276,4.793162116404573,0.45785180698545935
299,-157.73919820842227,470.03471404987033,1178.4354877767082,1113.1767495927418,4.932034272816113,0.6206768188024363
300,-158.39279632420215,464.79113060104623,1174.8591793923115,1113.7432257543212,4.93642901002022,0.4144058347731807
301,-154.01058671530106,492.7951936855422,1151.5633321016523,1121.8628599439537,5.003797278499142,0.5164433525208447
302,-156.6463517746132,501.0353720840576,1138.7966557800385,1130.0809813287688,5.243117532832761,0.4445266827245798
303,-157.83546021422802,464.42428624834946,1187.802766112984,1105.6454355729065,5.197888732869124,0.4502741590881033
304,-156.19157035432485,453.4728613614645,1200.7389562412122,1097.342900212111,4.920993765171086,0.46975596841870987
305,-158.31245637779705,502.1804178155349,1114.9210623606484,1147.5358159538007,4.965681335630064,0.3759194031591499
306,-155.50721144249155,464.0062988062689,1193.053827840993,1098.5361507254565,5.068596678128934,0.5862406116745963
307,-157.17042328728112,854.6132271388014,1913.6724992027653,2000.0,5.116008196771893,0.45299043387025567
308,-156.46587714270026,455.6303081551082,1196.3960164682503,1101.707496098175,4.689380851199525,0.42166258807880835
309,-157.2753750795715,474.77129006617815,1174.3715259394426,1109.7740168823243,5.219281217913365,0.4199851627959697
310,-157.05312106522868,516.2511241555352,1116.5828810649114,1141.1000852023353,4.549923856356066,0.44402768594288244
311,-151.22714573088996,472.7794967616863,1208.1711435558896,1083.6309403677637,4.373137291013684,0.4835856477484495
312,-155.10519129175253,442.597510840693,1222.2342958758456,1086.9749377096207,4.832873014360153,0.4993513087211232
313,-162.5533226509593,500.12158754151847,1103.7977648145372,1157.3640747810975,5.267918521823477,0.4828705088329763
314,-159.62739080397014,482.8822614501369,1149.5157293295124,1127.9224704343778,5.443628582074982,0.518737021097151
315,-156.0728008641345,470.14807111537186,1186.1707432017902,1105.3853888085434,5.6150427466514845,0.5818358640425179
316,-157.02302370963685,472.73367842623844,1171.3587794124116,1114.4610791931639,5.063913336636621,0.33656105822961935
317,-158.9082537037858,480.2019757797931,1154.774951910429,1127.6922747342983,4.991297725792025,0.37987843959610007
318,-153.51523485472427,483.1030915274774,1173.2351844864572,1107.4970698066804,4.512545760986663,0.5025613770344481
319,-153.10484732934287,484.9045024038424,1164.9297903750705,1113.8260191752981,4.861425680104184,0.5340445429998519
320,-156.21476823045057,481.90889626846854,1156.7445615729494,1121.3338981958811,4.413206380471583,0.5054405947924809
321,-159.05444822391325,506.5043031462404,1116.1765757376534,1145.7769904291754,4.5259979804653865,0.4412736165282181
322,-154.02664997484183,475.19864051751324,1183.346035219354,1105.4607310119034,4.84891332685556,0.6789600182771799
323,-160.58972113313615,485.5174612702797,1127.9335993054049,1145.6950444674312,4.769079798135498,0.4343844145903464
324,-158.933289191989,493.94147884163823,1136.6716540107607,1134.4684129306481,4.529242442003288,0.4218476316748302
325,-152.75001038858406,454.4224508360146,1214.1523955067726,1087.0085481525198,4.452859446724744,0.4186653653354402
326,-157.91392186526687,487.8416957581312,1143.2884053395508,1130.0256518386607,4.033378605291425,0.46131642877837387
327,-155.4470891033246,483.01005868218715,1167.6191965843736,1113.6289415997876,4.653210019326241,0.38336548238010515
328,-157.51530811919903,470.64189372274484,1180.2329151017334,1106.8406709049082,4.437869095676615,0.4943912096809177
329,-160.96088863825835,518.769915937374,1093.8470988999259,1158.661824305501,4.461810100737519,0.3704652492615656
330,-160.60448688384864,505.86255567853954,1110.177612082665,1151.4005827043848,4.291447048860799,0.5046866464869946
331,-155.13387249791379,439.3014971779771,1228.0007433891212,1079.3435981496682,4.971943391813471,0.4602526290049583
332,-158.42896692452572,499.13956329667553,1128.3419647189392,1137.1681862562598,4.392858332389325,0.451869850147532
333,-157.95702396938626,483.7224813303384,1149.607401861787,1127.4591804076802,5.122281999560166,0.39689384618769136
334,-156.87078090137223,492.85250064441715,1151.585182685706,1121.8205022494326,5.647107169404391,0.4640310134204492
335,-152.32923963178092,467.72124306725635,1199.535432321335,1092.0580472306747,4.499036279196606,0.42401085197446964
336,-159.52932622852302,520.8536898961853,1088.570363342991,1163.8368076553772,4.919233602433831,0.4134351956087871
337,-156.49570338914924,484.24319869456593,1163.0094618054754,1117.9937910342537,5.264633012157823,0.5341457416207098
338,-161.0643190253729,524.994888400476,1072.1907431397515,1175.1909094871687,5.373555013694034,0.5590273865827773
339,-161.17946836732472,518.7809954302229,1087.6889710574485,1163.484237645319,5.096236361923029,0.45592172368821154
340,-157.34211962601478,489.06578322752677,1150.719081319313,1124.2250519690524,4.555717858879337,0.6223008614587491
341,-157.13415412935373,490.0238022916943,1150.7016472034784,1123.8092347548584,5.190457346732522,0.4489377032975269
342,-159.67186687421125,519.563876156156,1099.8690920801882,1152.5673517256737,5.147526308674228,0.3970971525271134
343,-156.86405586534607,491.0424175521262,1151.1247789323986,1123.0284893994165,4.686169093514768,0.4682063682095317
344,-157.91936947572998,497.629004585953,1121.5859319941826,1144.2972806202529,4.822527004374641,0.4096571135683376
345,-154.27603072735033,497.2751497084924,1152.4588677005975,1119.164688914922,5.053460715085573,0.5144879696250368
346,-160.54200867561224,502.2560866777017,1112.2336908554955,1150.932642933938,5.325490174716045,0.5125954381739659
347,-150.80074490296255,463.07344826925276,1208.87590005208,1086.8959327004568,5.14455648259383,0.42449164335216877
348,-157.56512522972463,537.6943477025594,1072.020056288171,1168.9881057226019,4.978527782842401,0.5197997278079206
349,-158.17331802755172,473.0998840266702,1171.3573097316107,1113.9716061990976,4.141555420722033,0.32590837475351786
350,-156.7175393377235,459.27478948017585,1194.80128725732,1099.831075279065,5.037603265010034,0.4789961017786996
351,-157.48770577563846,484.0732611762667,1149.6236072202314,1127.2818683184337,4.505358032445579,0.5650448497566759
352,-156.87862882651478,504.92490243436447,1125.6032920477903,1138.9880177315717,4.990202972651303,0.4477853279861979
353,-158.56092509222225,486.36361557463533,1150.1806180181015,1125.8285729223314,5.0893472462496145,0.5784827239401832
354,-158.16552198488898,484.6138569599491,1149.898979271077,1126.8520855633224,5.025745301429906,0.6004068740724453
355,-163.36475040114647,487.6109641440179,1125.282426848333,1146.6386152422253,4.406685082147305,0.3668599851142181
356,-156.94608793023656,478.2831987839534,1164.4774939076742,1115.367515192749,4.8218363163500175,0.5626692472099749
357,-160.98229481961692,496.61511906564164,1120.3533607002373,1144.9788090989205,4.687785768962937,0.33592239237916977
358,-155.82272139399547,480.08637288681354,1164.412559286619,1114.6477032937155,4.8974664407723525,0.5281392675345118
359,-158.08753109312852,485.3026589424446,1150.1486418660484,1126.332832125063,5.10289204503751,0.5768044721319053
360,-160.647091490409,544.9468459726513,1047.7666405233642,1185.066268354773,4.475979236423272,0.46405395065793476
361,-159.90591880913675,499.7503491682673,1127.882567191452,1137.8870371120267,5.2466340206622,0.48560022007851583
362,-156.22077348765214,499.73484128658004,1142.922809386843,1122.8484357118368,4.6865518178016545,0.5237896680341114
363,-155.68954416867066,486.059839783665,1162.1393306099908,1116.0882020099557,4.656603223183421,0.37984349492015806
364,-152.8410491672978,500.4490156538124,1138.965456964033,1128.043885949969,5.2677778833585025,0.3242849684106622
365,-160.8942293936029,491.28051010746333,1126.5963129547415,1143.423258251594,4.5013443252898435,0.43018338182413607
366,-157.09111656198405,471.35003856833725,1168.9592025401212,1115.583133143505,4.979953688076368,0.5315684445814566
367,-153.99705163969656,476.8402835072499,1174.9194997755303,1109.6699369437792,4.3947779125906905,0.408021967817293
368,-156.0946807319043,499.304282686533,1137.5464496469008,1130.3366054844084,4.861992570241689,0.4782812537430171
369,-156.78229622540618,464.1580972137226,1183.74473411484,1109.1379709074856,5.461984474294461,0.523701325828829
370,-155.7425729093907,489.0012937011207,1150.6583044215224,1124.2787275250098,4.919610510530442,0.4417328682626673
371,-156.90893182001957,524.2635399977491,1094.5251417766679,1155.1984548007754,4.918462433506068,0.5199379497467876
372,-160.55155109891177,557.8428102588911,1034.0231944258926,1192.0132650568041,4.624703192865481,0.5171424288594296
373,-159.00253319589117,514.2601851415124,1096.736806920053,1159.3951066800198,4.852650284801282,0.4968936073765119
374,-158.23674525300953,488.2715317268266,1139.755788620279,1133.6862580054935,4.764904353002975,0.47928190563181206
375,-155.98266647024457,506.29358786020896,1128.1990992099352,1134.6340940229813,4.519959634162194,0.4830791749406915
376,-155.63410363394527,496.58897023183624,1152.298738875133,1119.5861451925068,5.07194987737791,0.5337232333266925
377,-158.2538530596459,487.82689602918606,1150.442974786627,1124.9745762307741,4.86219541516646,0.5560719394960144
378,-154.15821275926234,502.04161644772836,1137.4762067835263,1129.139588561292,4.502220765865617,0.5163189328703196
379,-154.07142057350427,463.2579046221958,1202.3276926506678,1093.576003983612,5.112841393990416,0.5822896270163758
380,-157.57213981557578,479.48089361807996,1148.5926250381563,1130.1570356344166,4.64818528233156,0.4590777767117468
381,-155.16675577265124,434.5516116545925,1230.449608650636,1082.3666537115375,4.9719518504224,0.3972134537532207
382,-153.81250872602624,453.89671181516303,1207.5323552611674,1093.0830191248128,4.74389596905209,0.414134471091652
383,-155.70023485803097,438.81254560308685,1231.4888024815746,1081.5912241621609,4.991630730259438,0.47732334448008806
384,-153.8132621569011,465.25160561974826,1191.6778439053649,1099.8845173150644,5.081845710129306,0.47838598359435536
385,-158.53345363491815,482.70004000682883,1149.4895436127254,1128.013565295282,4.665804822696401,0.4409974111909984
386,-156.96771110698455,480.8331781153442,1157.7743068995926,1120.1901796033737,4.710031379497691,0.5394140826006185
387,-159.33396402805212,499.8233982700324,1127.0856023270046,1137.7556235256586,4.280865802191434,0.4551737549823123
388,-155.3516726857661,490.6253050892395,1151.1013919687093,1123.2088813154385,5.310173514567763,0.38698568417351176
389,-154.4673957954882,478.3280937466307,1178.432131663307,1106.6434655996713,5.558565789384455,0.3988627508966918
390,-154.7197333597638,476.32215385636493,1177.6538070465251,1107.2918766899888,4.899255807615838,0.5617337932310171
391,-155.867642607118,481.6974718421867,1161.2225129399662,1116.9583736055608,4.966557155604042,0.5694982632028812
392,-158.38655081561305,510.45976605211763,1115.818424018017,1145.1893420831727,4.882924084499869,0.4949420923065955
393,-155.76720527133668,484.295163557419,1158.27693945508,1119.2180329951896,4.472007087053889,0.45892924323179607
394,-155.72632160895478,474.6100068544677,1175.9576687310173,1110.178997318784,4.387299073257592,0.535891498251478
395,-158.45608272895822,490.8998435302664,1145.0718221394911,1128.2306033802054,4.5406921885115965,0.5731929476248947
396,-158.86452649836937,499.03727871832126,1127.9432123116026,1139.9323733049205,4.900133000217211,0.5574144144320414
397,-154.01083753690526,483.9844013115067,1164.931356213356,1112.620853155246,4.929568702555152,0.6137266609755854
398,-155.8953097200758,499.82801594654376,1134.812460308909,1130.7984468577722,4.451368371695658,0.37383061181914273
399,-154.2205256252617,471.71069695500034,1183.6930697155576,1100.8365483780335,5.282023831354372,0.5331164020327678
400,-155.76577212220687,494.20520754568116,1151.86079967297,1120.996863001817,5.205195859372959,0.49139904135457363
401,-161.16225836724274,502.27191303241193,1115.8403712673378,1147.8331600788727,4.791898103597292,0.497422810066147
402,-156.33869587619202,494.23110106979055,1141.7774718466908,1130.7274477730064,4.077763412784631,0.5347103706957046
403,-156.9541945542901,518.6949881666604,1097.217341275644,1155.9540760772545,4.792874825034403,0.5138988805718904
404,-155.11433197408732,492.7875747833813,1151.368617354244,1122.0367113909476,4.965142452558007,0.6016734630299382
405,-161.91417126325635,486.4136823312006,1129.895633208454,1143.4101675477875,4.434292266028343,0.3915078849711382
406,-157.7176692551098,505.30906157988267,1121.9347494881238,1140.7473178347477,4.627278653878742,0.5551121697034175
407,-159.51906944315158,539.7693070252367,1070.447372808635,1169.5795990235595,4.574843356022641,0.461351746594736
408,-161.36985019405023,530.6804325945252,1072.9578175570575,1170.7211101552746,4.591432368792589,0.5774799444232446
409,-152.46109766253704,468.08285489750426,1189.1553665238478,1100.9221083116008,5.276078875256957,0.5206905956238416
410,-155.5025158310617,486.2601723246299,1161.780601941226,1116.2297480973841,5.363146747720015,0.43803740515739437
411,-158.0426302086995,485.32610844521986,1150.1097539207685,1126.3408587557378,4.744539621997621,0.5138307278780039
412,-153.48254182262585,459.28115237481967,1207.0777431555064,1090.0596646600725,4.819885883566688,0.49072101949839314
413,-151.79278339810455,446.0537455327889,1236.6481817327453,1072.006239579604,4.990234481479151,0.5153091875096005
414,-156.7973563469515,480.745683381658,1170.5981324074205,1111.2445809725764,4.944567360120318,0.5474642634077093
415,-155.4840522253913,479.5402794078246,1172.8072924285216,1108.8469089446155,4.658593389754123,0.47818794812208265
416,-153.9294024235375,474.46431328423466,1180.00924046649,1108.842108566238,4.901767338975007,0.4020279308002464
417,-156.958218841358,470.8441807954067,1174.5972361168763,1111.9877437972643,4.762549009165919,0.5249806634673484
418,-156.27740616636567,469.3159016755918,1183.9718756789382,1105.9218030522204,4.743028853464193,0.5494462325632251
419,-158.31534033565183,504.53174102679174,1123.8235451761693,1137.5700944087514,5.67067755850807,0.4549487401190045
420,-153.65915009941608,467.3146437612579,1189.764542059677,1101.1428195758754,4.812952327858129,0.3537697191785245
421,-156.1198226868821,497.8614446658022,1143.837617054974,1124.4886555523203,4.459802799361041,0.4284997245030796
422,-155.43111434872566,471.1044827825708,1189.3783111079977,1099.7773513464408,5.024114748246208,0.4731863386142601
423,-156.75962849491344,477.23531463953833,1168.078048905529,1114.065348603505,5.042468085527127,0.5577818463792115
424,-157.96245918231597,500.43532208324405,1131.1871927635632,1136.3641174960878,4.936987827233172,0.5705205167401549
425,-156.2124149665475,502.833757539444,1135.3333299566093,1131.109990363231,4.82091817007962,0.46308031590034826
426,-159.17442820685602,516.3566695689834,1092.9915592615334,1160.7540014745364,4.481875321988308,0.3753149788851404
427,-157.73925003275585,505.9148794133544,1120.6766581011082,1143.4698292359587,5.120337323360598,0.519213859845285
428,-161.47168352218577,558.6046402351345,1031.0616223801064,1193.1070241867665,4.927851244138151,0.3785747255507316
429,-155.3263519354373,473.47806940344486,1178.492852166647,1107.4113761655117,4.774925756107478,0.4474661124260497
430,-160.6509639730627,477.5835715732849,1148.313142209541,1131.227959475333,4.751518005742163,0.5376724310464086
431,-157.3097357574408,477.4976659821296,1165.2686658491618,1117.0197231820464,4.547465601973038,0.3548591192433774
432,-153.8553943848286,439.40367310588783,1233.2062310701779,1077.5598548651697,4.707113215012106,0.5805385714385962
433,-152.63589617222604,503.9381969365639,1143.0612332387138,1122.0707078177768,4.997060939564866,0.39586872866544187
434,-156.9325482469084,483.53783982104585,1149.4353239459633,1127.7082447779144,4.411087757269351,0.5983747249693067
435,-155.13798450344962,465.1649550251144,1191.4993796985839,1099.3431963818946,5.177192493633189,0.45233605823482653
436,-154.9373773166632,492.31272939807087,1151.2569952032889,1122.3540433692717,4.977080091713455,0.47954188038393464
437,-155.59353604512418,489.8285730911745,1150.8492293044399,1123.779768554951,3.9579810916300247,0.3731523005280571
438,-154.69341332971297,483.34536035873003,1163.6425252248932,1114.7436267585654,4.931732728613671,0.368467307363539
439,-157.20946188434263,501.8734103094103,1128.972314621706,1136.7547626155206,4.539261224622968,0.4178487017954238
440,-153.94791460163555,453.2923102534144,1216.8255587426108,1082.480855788051,5.5719148470452895,0.6075366671205884
441,-153.51035090135025,455.980002363594,1216.1160458919817,1085.7831870135567,4.691121839217533,0.5044054785753854
442,-152.4004417515817,476.4392919652907,1188.697297894421,1098.8019078358466,4.766701219755414,0.4553879104108485
443,-156.8113337388116,519.4791627918942,1106.4206157602655,1148.0973300905716,5.372035665859813,0.5206609160427766
444,-157.30485450853493,507.91992055727513,1123.7922768345159,1138.8714321846728,5.077276377171285,0.41758501151821303
445,-155.14036123067038,439.4827429220945,1228.1219915561671,1080.17338288623,4.971605493693221,0.5044514881335711
446,-153.7450020592677,488.6209501494649,1165.61409818682,1111.6607882138137,5.011294261997155,0.5053094577042402
447,-154.1622039656795,446.5244714863972,1216.0812315540854,1087.9887441401663,4.480124188044615,0.27976373351213807
448,-157.6429540141748,471.59213689739556,1173.3603350573972,1112.161702034638,4.744892884703982,0.5088466305581891
449,-158.77621655816415,507.721845327662,1112.12785076299,1148.8143132977814,4.293489323354491,0.46459185756130067
450,-156.71388076291657,483.802564289934,1156.568245141139,1120.7913091122284,5.49807845377358,0.4220235118117736
451,-161.50415977269955,509.663380938496,1110.6025676947104,1148.2147390857422,4.594175722264886,0.4419793468595994
452,-155.4175691101321,458.0247043444132,1199.6412339180176,1096.785832367689,4.667773902546025,0.483216200389989
453,-157.16009293781278,505.4277075811733,1128.516436665623,1135.9825372832836,4.413139446680659,0.5247214272915103
454,-156.62956911006737,477.48010456235806,1164.100946276153,1117.8092074558783,4.826390619012748,0.5771795623088221
455,-156.79821509296843,475.89472651168217,1165.1157109989529,1117.7071615843645,4.70190285630793,0.5271054087175655
456,-160.96162425017098,506.5281207676311,1104.5562724417023,1153.8467594269916,4.89731749691994,0.5522842910578609
457,-159.57196995527732,517.57608246052,1093.497712031832,1162.3782073858536,5.117146926367215,0.4944510932390043
458,-156.3111626482096,883.2126292455284,1863.1450235311427,2000.0,4.784402229095948,0.5647892560266561
459,-158.03302377889156,466.9587008273786,1173.6968367020481,1115.5730894757223,4.976478889145736,0.3368237747763038
460,-154.64297139289758,453.73476438345244,1215.7844242392684,1082.5184867749856,5.346589694964262,0.6086700499325632
461,-155.37065321933719,468.82191677673313,1177.3509505014074,1112.0560282728256,4.753447106168994,0.42722859486923964
462,-158.67727980888745,459.7046959929394,1188.6533366791712,1105.0339238592921,4.853487093583606,0.6544095267143484
463,-158.01612259307575,519.3897243011652,1101.6683389817138,1150.8375308273846,4.943120098346409,0.4016900040890237
464,-156.67356394981314,469.3739492341243,1179.138875052531,1109.7158154461274,5.0900747282668535,0.5134081663016237
465,-159.45255300609023,478.8066304775015,1152.4403022971485,1128.3331256236656,5.000832862113091,0.4371149996606127
466,-158.9819575059835,505.4310942836927,1124.262298093719,1141.0138613152083,4.915022017692579,0.5212038509319766
467,-156.101101955892,491.3469911017198,1151.0521082143891,1122.9325867231853,5.023552425398134,0.5434911698008639
468,-157.64427513415092,457.81794283701873,1192.079425956006,1102.6575391460512,4.951193070254135,0.3682730715688346
469,-158.90120843906143,507.68072100546993,1114.3540423680292,1144.9344082043212,5.395065260413286,0.49211302814904617
470,-159.99292516366552,494.2476421260362,1129.6582806605088,1139.631997732106,4.822326057286735,0.454224703245621
471,-155.30408839695474,451.3765374038357,1210.8952510195247,1089.4095464759166,4.98892033569395,0.4245503760320048
472,-161.0976414801673,507.66301775624635,1106.9480985238908,1153.093994477445,4.579541246034798,0.4378810721956877
473,-157.73659237539908,481.266168509464,1158.9312096964152,1120.8367833871864,5.039398707540191,0.4939359788101041
474,-157.95804728293433,526.62245446357,1090.1708061853242,1159.4286812100702,4.903348547225485,0.44428552305008395
475,-158.75130028462885,544.8355956906961,1063.3827507290139,1171.827569106895,4.9366711186845516,0.5349108651078993
476,-150.68025070461653,431.8645373002225,1254.950900643594,1061.331598023712,5.282824946379366,0.4614835605489687
477,-156.62112756635784,472.35314322038295,1170.4846818300257,1117.2494173746393,4.879056681426423,0.5584233407889894
478,-158.39955521712142,483.17990091828597,1149.45006795591,1127.8491791806784,4.662345584153277,0.4982146566805412
479,-157.4845469578204,496.81986385964746,1137.693135623633,1132.3320074411934,4.998243418398375,0.40463859158691917
480,-155.98808023802513,499.1366828713051,1135.4871009316942,1132.7051059642324,4.915540967240029,0.38379802825837167
481,-157.37169619703985,485.41316280724106,1150.004924751042,1126.4335887917125,5.17844037405812,0.564096314295205
482,-157.91264409285031,112.59868283004354,431.48251750521604,260.6200108364845,4.494450088460581,0.36694167038958414
483,-154.04522126679683,464.24257419396525,1194.3789951320007,1098.7423930202901,4.442798800899125,0.36793985160514686
484,-155.42755928950112,495.82327221009524,1152.0962222462822,1120.092303694491,5.1205859084047685,0.5027595711546136
485,-155.2252652794209,512.2653702812285,1119.1072421639687,1140.028937597521,5.072513034666369,0.5304590396673748
486,-154.1463362462335,451.7806015929812,1204.8140356380045,1095.1902930954368,4.612395650375974,0.47655943085198416
487,-159.00593426157252,482.37270438023967,1149.3239290853805,1128.2825023262947,4.649136044701628,0.4769820815573802
488,-156.06620792858396,479.55273553251544,1162.6725411447053,1117.0312153687926,5.110053408615793,0.513627691037022
489,-160.19516575214294,493.4702470110037,1124.1810989648325,1141.377698975041,5.4231153134160515,0.5487103140138972
490,-156.93752233889387,507.5587963112612,1123.4279848213462,1137.1907100300173,5.0381636079246395,0.4961053588359893
491,-153.61906804924232,468.3422146223065,1189.9012586148708,1100.8180753773945,5.047261201818776,0.5043542662435042
492,-153.50986016920893,485.5365853319379,1171.5108429624725,1107.9652972767028,4.923217088038109,0.4587112635648695
493,-158.4730457994847,517.5502334545641,1092.5499288552653,1158.3419553601307,5.229547512056585,0.5577701378290207
494,-159.8562592701053,507.6368604452915,1105.577096953152,1152.8367122710154,5.286023463610179,0.37991741703487225
495,-157.93224476394218,510.74797190300825,1113.1284866346316,1149.4900643055262,4.984771188194155,0.5451887776907868
496,-154.21637600118845,497.5580775802893,1143.7344886223436,1125.174209624503,5.90931941491921,0.4625608451679706
497,-158.8812531441778,469.4110828287872,1172.1661652432333,1114.7638587191223,4.788262286754583,0.5230678127838586
498,-156.32700111245538,463.3322521695635,1187.51858880498,1105.7047144115359,5.174250295693481,0.4088674561736515
499,-153.59776434332937,433.9204052932073,1239.6798249878561,1075.5748524108928,5.095828031157658,0.4626209203006497
500,-154.20298990776953,475.2473416870927,1182.5833863137655,1103.1692322907445,4.609503184423987,0.47566879218238994
501,-156.13715296697285,523.5433077901704,1098.3550086599391,1154.3491096001082,4.832789020503378,0.5038724904597274
502,-160.53105760533253,489.32865324526233,1131.5951887895158,1139.528473104282,4.424222013132518,0.5362044329306299
503,-156.79426919371477,500.22288965601797,1125.734960473938,1141.5120380936494,4.7828058191363425,0.4820929891851578
504,-157.87751079856284,495.992178986703,1138.0378605010885,1130.1996667515216,4.658663117897809,0.3946463089181524
505,-155.26294954504593,432.31057866231,1233.0674669236082,1080.9849484785138,4.749788322841997,0.34458895500971537
506,-157.28684988631287,459.45732342921235,1184.857232356703,1108.6404725901689,4.664584012436566,0.45218807785628984
507,-154.65843609513104,460.7213360728911,1193.449788897881,1100.9147875736248,4.622264437944665,0.44623501685632
508,-156.07177979736485,491.51094908265736,1151.09001459034,1122.829738392336,4.635128915193293,0.47446191432346596
509,-155.62576301858078,450.43134069115774,1209.2189998654774,1091.4979686042566,5.052839073642243,0.6017886160394619
510,-161.51485006187096,517.1892631081319,1088.202907843322,1163.4668651543582,5.534553685994543,0.5745318303454224
511,-155.41550350763123,484.5994066617801,1158.2317661700304,1119.1970113869922,4.679773917384584,0.4418855714331347
512,-156.5833738365506,492.3229652695271,1146.1647555374343,1127.0191676266377,4.047541453843621,0.4987696011795039
513,-158.25250305263367,505.58796705685677,1122.5143428621966,1142.6359124068772,4.9812857921984826,0.38136634145294557
514,-154.22277768949664,468.15921267255004,1188.3783670135188,1103.800502987952,5.016421028682601,0.46204645855916554
515,-159.4095026551656,519.3682154855566,1086.4879774761057,1165.3446811635208,4.721619906925125,0.5515275177539937
516,-156.93153419917255,464.6134211746301,1194.841500090767,1099.227344401839,5.461902581905418,0.4612272877004898
517,-159.68559331043184,523.8130646082049,1087.0935235616864,1162.8956155226144,4.894530002359881,0.3432158154931472
518,-160.68364659258236,493.9166748503015,1117.8423269066086,1148.8463829419834,4.763473877842951,0.36711038191168543
519,-159.48236980711673,512.7768809632873,1103.764014116372,1152.616783617492,5.5361352088603155,0.46940550214819504
520,-154.16169118588766,506.8881975880267,1137.097673947139,1127.590687585029,4.310908701163336,0.4880450418256618
521,-157.39255238032285,493.37346863353156,1142.6495201363996,1128.573759988198,4.556084190912966,0.5310450765826925
522,-155.12405270988614,474.8570350897217,1172.402470763702,1111.5190067041974,5.157090227399574,0.5043430264939847
523,-155.7920279151413,509.7974727743204,1116.7371330768547,1142.2079425968027,4.873694885784385,0.45936208631540193
524,-158.4422992051875,484.3925596096181,1149.8973110905524,1126.9273700328988,5.002373426346043,0.565930912485992
525,-158.9154437243476,514.3069769626422,1101.2562498549582,1153.0132086566675,5.064872040162855,0.5751596539017189
526,-157.96899047748752,508.33512442986944,1118.0489096258732,1143.4212659464404,5.079494741192918,0.578990722152153
527,-158.45112420944514,496.5161105396478,1127.6183522640883,1140.1209765741512,4.567531461029076,0.5078191820726092
528,-155.2860319707821,452.0889761646298,1201.2358222672024,1097.3378280421134,5.52521504323355,0.48030047104316376
529,-155.33766667248395,472.8904214158808,1174.1444793124679,1112.3940275876412,4.950340913431167,0.44548058535363155
530,-157.77210636942308,501.03095882612746,1124.2117122023817,1140.0411626287878,5.370450672859345,0.35993197725030396
531,-155.84703686044338,493.61957069590363,1145.0584161278214,1129.376637513219,4.445337641963448,0.551244956318791
532,-157.1429363073203,487.1772956169444,1150.2723554552138,1125.4244094630506,5.262913758745395,0.44001906069042857
533,-160.39388889732274,500.64292580868107,1112.5918382799673,1151.2280677859078,4.650305087633563,0.4823650939360145
534,-160.22736199962435,489.19079849065764,1134.499425531713,1137.3025621232096,4.770838135520468,0.3605113975284684
535,-154.204757772208,486.9235613608179,1166.948861724957,1110.3944211260239,4.870969130977103,0.46304761668283456
536,-153.42036776800919,449.3224900749223,1224.4230740323892,1082.649012091938,4.609525392258248,0.515005205411866
537,-158.68412988618704,528.4777280168871,1084.3123196141573,1162.7057236268515,4.962235330296096,0.562487427296437
538,-154.40150188546485,495.37659265741496,1152.1922018204023,1120.1966937645968,5.044636168711109,0.5728244992948748
539,-151.675540239248,437.9847257540882,1244.9175645365708,1066.920425756883,4.981878794728781,0.532932970134735
540,-157.24891067299697,484.71610781921765,1149.7891801930398,1126.9021663538047,4.993236487856165,0.47162469535481677
541,-158.41762283317942,520.2482023375198,1093.7470597429888,1157.599767580038,4.914954237053327,0.38601576778427427
542,-155.7811360379214,477.3988643408669,1165.6912282186618,1116.4122023119844,5.574449752251727,0.4776933984609372
543,-157.73672107437386,519.4544805839837,1107.915604926088,1145.1373934305946,4.912801117257066,0.6034234233937774
544,-159.07440888626482,480.85041185402923,1149.0890712673138,1129.1577215921095,4.857713220061145,0.38173792786734534
545,-154.60427227842678,429.5800486224824,1240.8015811403034,1074.5573943027573,5.148613170843757,0.4711296541468424
546,-157.78916877507947,466.87702325201496,1173.702545255355,1111.6184276100553,4.567328939518621,0.5855956820013004
547,-156.80728878738796,503.92669850446174,1127.776171299914,1138.856787845093,4.793152744083674,0.4211999595088943
548,-155.04815259302694,489.8338872334873,1150.690050737619,1123.9049386870552,5.207956197566341,0.44274133402078675
549,-157.18284192724718,481.9307575156267,1165.3521778120535,1114.9426421471214,5.681075237238,0.48346536903497145
550,-157.86405801019671,510.8746249795333,1105.2970398872014,1153.48292522296,4.373984101876259,0.4416591877370577
551,-155.2945356459063,452.66938728746425,1205.0115660014599,1096.1507220836274,4.764735277569718,0.5012820286784679
552,-160.1453984149745,497.3093516111052,1125.4783337956,1141.5940507846872,4.239348046212354,0.5915740356849625
553,-160.74791553910768,530.4130002671884,1060.2676530220083,1178.2858658136893,4.7358393503196545,0.6251015009890907
554,-159.67571165691837,489.6120710674045,1133.4569371776888,1139.0968226987889,4.799247741896111,0.563297975211432
555,-158.0676412443195,485.69756091633855,1150.3699815524885,1125.9879787605194,5.167071839569695,0.6409009377601204
556,-158.76549972305233,480.52037053871163,1148.9384444154698,1129.4218972590772,4.9263192489593,0.4082499876959763
557,-155.69050890168515,459.4293734538157,1202.530359224567,1095.442496194822,5.370079541101394,0.5830109428649899
558,-156.5745343949368,479.6359875252433,1159.3809699950914,1120.622980899544,4.5746552137887875,0.29422802458414354
559,-154.659828541319,476.9904968647709,1176.745462726347,1109.1602994162254,5.447364423937071,0.5529775065574661
560,-154.58595560920526,456.1563598825764,1205.3277071378561,1092.734783445634,4.8737697143636725,0.49921939255031234
561,-154.45705419276237,499.03723291328595,1152.7977992095207,1118.0959071894115,4.815312950259454,0.5672367813313052
562,-152.991935703327,457.7461505484987,1209.8422067146207,1089.6828999315264,4.613108694736924,0.5156798535789932
563,-158.04112868378377,485.7788326818667,1150.0940027043298,1126.1637805005041,4.596492204401776,0.4284098792251662
564,-157.06859643659837,461.7256082109588,1183.9255189108924,1108.7626020493908,4.747813749261726,0.424588839584233
565,-157.38434182508183,480.1393154934415,1163.4697001563577,1119.2164517701278,4.949705514245668,0.42130451130995245
566,-158.4761647825038,491.18080112856114,1144.2099916829757,1127.9313985364445,4.58153529263686,0.5312410096306793
567,-156.6800771322137,496.99773926469476,1132.3666653557289,1136.2304223206686,4.555244019348112,0.5601996395584061
568,-156.3120942951421,546.0854704699196,1071.3162352560837,1167.506782928204,4.981265303729308,0.4494076001412092
569,-157.0834177372689,491.81463505245137,1151.2680631387573,1122.5293201214272,5.148173055055254,0.4769877126505881
570,-160.13113520689922,492.6164346077412,1128.4317554546853,1138.129092632428,5.016417625580959,0.5619641797122665
571,-157.4656498258968,483.49195660266054,1149.5581531311411,1127.5978194641114,5.022843581257001,0.4526600721186629
572,-156.11292829509244,459.5641691886207,1195.2495158869433,1102.431274425017,4.734638286103487,0.6224927867371992
573,-158.861994823594,501.26516975372897,1130.9031273459266,1133.4868254939734,4.725325119733903,0.5069073361029317
574,-153.8853995176486,446.9930765305255,1219.4060185682629,1086.3487297536478,4.465614918517139,0.506027846563918
575,-154.8978736518694,451.7153456027867,1205.0834516868945,1095.1629881867636,5.179638398510335,0.55001599366756
576,-155.21470617568085,494.91996356124764,1151.9883039836473,1120.559222093319,4.5542867257416075,0.4851348054528066
577,-159.26202297228997,526.7409494284252,1076.9070810611845,1167.2977195993126,5.27612345745542,0.4493036581806101
578,-158.61276663959984,536.3251789455178,1084.7297835188026,1159.7370285376767,4.7289137349516706,0.6535182596947932
579,-155.89829616637965,498.9968546169903,1132.1821405859714,1133.917571550943,4.497479612349491,0.4721358755359691
580,-158.33879107772947,522.0423091742442,1088.1930957083162,1161.5800004738974,4.8343579386440405,0.49144848478912173
581,-157.34600621997697,511.53362909017073,1103.6644463729165,1152.9057995158457,5.35123468354644,0.3925660404638221
582,-156.07602101563555,488.0653727232444,1160.2654327985758,1116.9301404468854,5.014566359385553,0.4066700830072756
583,-155.79226373591143,449.05764122729164,1212.5682365691687,1089.814874000863,4.673981558054305,0.4129228640121623
584,-155.24097097431337,449.3685634779312,1217.485262993863,1087.2012877841994,4.884822883129442,0.35240946579245835
585,-160.87377027469003,528.4140538467096,1076.2016845954042,1167.4479217955866,4.678540567841591,0.5031431385112177
586,-152.3158177579755,485.1922370837287,1176.1673620985096,1103.32585415826,4.716239201866227,0.46122809287297184
587,-157.51553366449565,500.3612292228079,1128.1515010113756,1137.1439593803636,5.170659450671605,0.59220333487385
588,-157.57045292862833,506.0375344322384,1121.0427124954413,1140.8124815115507,4.731703666206373,0.5460377435137218
589,-153.6900889006776,429.74270534137116,1242.6969954693482,1073.539395519954,4.691849991602254,0.47451220150604617
590,-159.1054151004518,517.9880872904395,1096.537319659152,1155.9303931109325,4.722809483385098,0.42305454486329613
591,-159.08108493965406,481.0594505335647,1148.9710935183027,1129.172660022046,5.094719206563097,0.5143831114899484
592,-155.14174260891596,476.09121129370766,1175.3828645388235,1105.9272259174106,4.544951468626506,0.6493164028856834
593,-156.26379949378804,491.58481981367584,1150.993533816483,1122.8772360304206,5.167889664698103,0.4564872179392305
594,-158.94545749811033,553.6164731133441,1043.2686057316882,1186.7302609883084,4.454755381873666,0.391412889667468
595,-159.0617196294017,518.9655562436687,1096.5665974713756,1154.667854736827,5.4748643647087585,0.5512036843888404
596,-153.55672111066093,434.9585246422425,1235.702215763973,1074.7812862371609,5.10075345049855,0.585450594179468
597,-158.286659473405,512.9506994687358,1109.574115865822,1145.8860230089826,4.865148242121469,0.6411218233543033
598,-157.22524369622732,464.78143023516805,1174.9316033464165,1114.9812513230645,4.961516414254262,0.42629501847084705
599,-160.59072652097,508.96167047621344,1107.6156231559135,1151.7829512141436,4.568337800470277,0.34673958639336655
600,-157.86016405447873,449.47486782654414,1205.647890479301,1098.0992520461223,5.4049893595108705,0.4753156548567525
601,-159.61302190979077,488.7633302249557,1138.9507464625042,1133.4542212862789,5.142826076845246,0.4259996683622016
602,-158.45282332929185,496.73706748405056,1131.9670705621452,1137.774904054478,5.162663031193832,0.507196274217154
603,-156.9598507948856,540.9515796760821,1065.2649549780333,1172.6631435727002,4.679889610630216,0.49101615328787057
604,-161.32062438052336,538.602242636841,1054.0351549568666,1183.0272075534492,5.361837128798632,0.5712924004282333
605,-155.41155690382757,463.76134208699773,1194.3060742063149,1098.7231986947336,4.711153231490219,0.33780901169119826
606,-154.0443448291284,453.25234928503556,1207.655001082732,1093.4452308277025,5.007195043634729,0.39282171874841465
607,-154.95573162355106,485.7218056685309,1160.9714529219718,1118.1054848092722,4.552935538359113,0.49843303347325646
608,-155.85627965894494,501.7399888337712,1134.4081896889484,1131.917522686586,4.666466379758718,0.4081222066150519
609,-155.52163194647756,496.6833198603666,1136.4643458723217,1133.067746685524,4.8654892294246945,0.6269873909462712
610,-151.617408994966,468.10309595265437,1191.6261996900748,1095.0775021807106,5.158221084048701,0.511175112489435
611,-158.73539718083873,500.5532217073162,1124.5912536167725,1140.7379655398456,4.369222739719932,0.42950428992149764
612,-156.76413541566518,485.15151372831366,1164.4306340482567,1116.204933902352,4.817831827782166,0.3618570077657312
613,-154.89682046202415,492.7252771722306,1151.4510379042772,1122.0011827872866,4.92827166024834,0.4622451061266473
614,-156.73991724966774,435.03285697083055,1231.4762807769628,1080.926504217968,4.4969667437612655,0.18881683464705304
615,-162.9079271462043,562.552078326452,1009.4768190402423,1210.3809253274048,4.471301469426885,0.4632585592220548
616,-157.28354166100354,517.9697047379206,1106.6507931885692,1148.1132423238244,5.152181566518205,0.5431361905287866
617,-157.83831196378537,468.3445420291043,1173.3677436225573,1114.7287557143072,4.699731293139004,0.5681982417880939
618,-156.76406502599886,524.6623065334603,1107.5158707224684,1146.04122647412,5.159686164610574,0.5508488502448354
619,-155.3931922093214,480.6952579808493,1168.9624367931988,1113.1643641121548,4.237226258181247,0.45020274410549804
620,-161.53836948889102,511.5717315229176,1089.7907640130732,1164.157819949238,4.61870425788487,0.3763138944360563
621,-155.05961321312145,453.5945231184861,1206.1410633780995,1090.6833930413636,4.905620321360929,0.39382508116181275
622,-155.6281859320836,464.7145214032135,1184.620725341378,1106.2980110838037,4.779147676422427,0.4122283695224389
623,-157.06146913296547,500.02862486349693,1139.7540480553612,1128.0168272931226,4.734985190511058,0.43167537291446545
624,-155.534293050757,505.80049837504464,1141.2825186603773,1126.1217513664467,4.886466633815147,0.32850314397625135
625,-162.51925428490992,509.6247319432606,1101.184613468435,1154.3306633528673,5.194829019033644,0.38849280233929717
626,-161.0803945374889,527.8978886839931,1071.199851056999,1170.4021262666088,4.850198108140049,0.5616343068149622
627,-160.34968629083977,508.9921295885255,1108.6101077269398,1150.6525537309865,4.8883739391579635,0.4710733695742161
628,-154.7306713325265,475.8458807031506,1176.1263156372593,1108.9123654099465,4.227779038217275,0.43140833244250637
629,-158.0133882383346,473.8708590345464,1169.64752870413,1115.7253241936005,4.514059905068318,0.39240839242806597
630,-157.52623422662123,495.93397713777784,1141.5445113976048,1128.2579546365048,5.170249544313302,0.47070664981749477
631,-157.65392275939132,517.4866398780357,1112.0755316359632,1144.248966052046,4.993615332155816,0.35472832714421815
632,-157.1454219425831,486.09837562947155,1150.1631827740653,1125.9777617560194,5.211885012615635,0.640392470228388
633,-159.56694924259324,470.3323877742016,1164.186150427798,1120.6377067570347,4.902713883870218,0.4886889354283604
634,-158.63129207959844,496.9567553219979,1132.36265910016,1135.7977339386214,4.706264606378401,0.49379361940857397
635,-153.76183865510083,479.0653782376585,1182.4321752365229,1102.373726048883,4.566125665801969,0.4922813504955737
636,-156.92979271430383,504.46646388228663,1125.2878617146202,1138.2125732940044,4.245722549911297,0.33254372340231914
637,-153.68957215795274,508.43117162455303,1137.0240923898014,1127.4846962280342,4.7299933845648425,0.5263305668426891
638,-155.64161192612082,496.58079791405754,1152.2118022170537,1119.662394394209,4.378362626904854,0.4597774434055206
639,-156.69450129083225,487.1371306675813,1159.5168402298007,1117.648705998335,4.544407513155439,0.4565571226562007
640,-156.7589033180433,486.380827182426,1150.1898277911343,1125.8355036913902,5.067252500664966,0.5544433133667154
641,-152.70002154634915,482.43465266548054,1177.6772726424308,1104.645361749122,4.364824079540739,0.5869860631227555
642,-155.13134201154386,452.495499989085,1211.3254786165046,1089.9421747314743,4.955832634820216,0.3453645296654702
643,-154.627630395727,482.0292077519418,1170.3329896371297,1110.0674358489796,5.0858074587495645,0.41327500355320684
644,-159.22133378479387,451.2201623723368,1196.1286213056835,1103.8105873360043,4.714465700904738,0.31175485780629286
645,-153.51303668422463,485.6398880912177,1168.7989446827546,1108.9249126864845,5.368626298557129,0.4504452692071166
646,-158.8815997182152,530.704751578416,1076.3140698705504,1167.6157532879254,4.776267005715675,0.4603737583016442
647,-155.48108860848322,504.56059513853927,1132.0941169749851,1133.234053388722,4.541476605389289,0.3944842806788666
648,-158.25084418208058,518.5017534797701,1103.7614277500836,1150.213020893847,5.170703710907247,0.543619809279928
649,-154.24050742830173,490.7417283687156,1151.0732396627695,1123.167732755046,5.51325112670558,0.39563618749455903
650,-158.09463968721175,505.2168248303586,1114.9577970460073,1146.644280493148,4.34040710423443,0.5647705070851715
651,0.0,0.0,0.0,0.0,0.0,0.0
652,0.0,0.0,0.0,0.0,0.0,0.0
653,0.0,0.0,0.0,0.0,0.0,0.0
654,0.0,0.0,0.0,0.0,0.0,0.0
655,0.0,0.0,0.0,0.0,0.0,0.0
656,0.0,0.0,0.0,0.0,0.0,0.0
657,0.0,0.0,0.0,0.0,0.0,0.0
658,0.0,0.0,0.0,0.0,0.0,0.0
659,0.0,0.0,0.0,0.0,0.0,0.0
660,0.0,0.0,0.0,0.0,0.0,0.0
661,0.0,0.0,0.0,0.0,0.0,0.0
662,0.0,0.0,0.0,0.0,0.0,0.0
663,0.0,0.0,0.0,0.0,0.0,0.0
664,0.0,0.0,0.0,0.0,0.0,0.0
665,0.0,0.0,0.0,0.0,0.0,0.0
666,0.0,0.0,0.0,0.0,0.0,0.0
667,0.0,0.0,0.0,0.0,0.0,0.0
668,0.0,0.0,0.0,0.0,0.0,0.0
669,0.0,0.0,0.0,0.0,0.0,0.0
670,0.0,0.0,0.0,0.0,0.0,0.0
671,0.0,0.0,0.0,0.0,0.0,0.0
672,0.0,0.0,0.0,0.0,0.0,0.0
673,0.0,0.0,0.0,0.0,0.0,0.0
674,0.0,0.0,0.0,0.0,0.0,0.0
675,0.0,0.0,0.0,0.0,0.0,0.0
676,0.0,0.0,0.0,0.0,0.0,0.0
677,0.0,0.0,0.0,0.0,0.0,0.0
678,0.0,0.0,0.0,0.0,0.0,0.0
679,0.0,0.0,0.0,0.0,0.0,0.0
680,0.0,0.0,0.0,0.0,0.0,0.0
681,0.0,0.0,0.0,0.0,0.0,0.0
682,0.0,0.0,0.0,0.0,0.0,0.0
683,0.0,0.0,0.0,0.0,0.0,0.0
684,0.0,0.0,0.0,0.0,0.0,0.0
685,0.0,0.0,0.0,0.0,0.0,0.0
686,0.0,0.0,0.0,0.0,0.0,0.0
687,0.0,0.0,0.0,0.0,0.0,0.0
688,0.0,0.0,0.0,0.0,0.0,0.0
689,0.0,0.0,0.0,0.0,0.0,0.0
690,0.0,0.0,0.0,0.0,0.0,0.0
691,0.0,0.0,0.0,0.0,0.0,0.0
692,0.0,0.0,0.0,0.0,0.0,0.0
693,0.0,0.0,0.0,0.0,0.0,0.0
694,0.0,0.0,0.0,0.0,0.0,0.0
695,0.0,0.0,0.0,0.0,0.0,0.0
696,0.0,0.0,0.0,0.0,0.0,0.0
697,0.0,0.0,0.0,0.0,0.0,0.0
698,0.0,0.0,0.0,0.0,0.0,0.0
699,0.0,0.0,0.0,0.0,0.0,0.0
700,0.0,0.0,0.0,0.0,0.0,0.0
701,0.0,0.0,0.0,0.0,0.0,0.0
702,0.0,0.0,0.0,0.0,0.0,0.0
703,0.0,0.0,0.0,0.0,0.0,0.0
704,0.0,0.0,0.0,0.0,0.0,0.0
705,0.0,0.0,0.0,0.0,0.0,0.0
706,0.0,0.0,0.0,0.0,0.0,0.0
707,0.0,0.0,0.0,0.0,0.0,0.0
708,0.0,0.0,0.0,0.0,0.0,0.0
709,0.0,0.0,0.0,0.0,0.0,0.0
710,0.0,0.0,0.0,0.0,0.0,0.0
711,0.0,0.0,0.0,0.0,0.0,0.0
712,0.0,0.0,0.0,0.0,0.0,0.0
713,0.0,0.0,0.0,0.0,0.0,0.0
714,0.0,0.0,0.0,0.0,0.0,0.0
715,0.0,0.0,0.0,0.0,0.0,0.0
716,0.0,0.0,0.0,0.0,0.0,0.0
717,0.0,0.0,0.0,0.0,0.0,0.0
718,0.0,0.0,0.0,0.0,0.0,0.0
719,0.0,0.0,0.0,0.0,0.0,0.0
720,0.0,0.0,0.0,0.0,0.0,0.0
721,0.0,0.0,0.0,0.0,0.0,0.0
722,0.0,0.0,0.0,0.0,0.0,0.0
723,0.0,0.0,0.0,0.0,0.0,0.0
724,0.0,0.0,0.0,0.0,0.0,0.0
725,0.0,0.0,0.0,0.0,0.0,0.0
726,0.0,0.0,0.0,0.0,0.0,0.0
727,0.0,0.0,0.0,0.0,0.0,0.0
728,0.0,0.0,0.0,0.0,0.0,0.0
729,0.0,0.0,0.0,0.0,0.0,0.0
730,0.0,0.0,0.0,0.0,0.0,0.0
731,0.0,0.0,0.0,0.0,0.0,0.0
732,0.0,0.0,0.0,0.0,0.0,0.0
733,0.0,0.0,0.0,0.0,0.0,0.0
734,0.0,0.0,0.0,0.0,0.0,0.0
735,0.0,0.0,0.0,0.0,0.0,0.0
736,0.0,0.0,0.0,0.0,0.0,0.0
737,0.0,0.0,0.0,0.0,0.0,0.0
738,0.0,0.0,0.0,0.0,0.0,0.0
739,0.0,0.0,0.0,0.0,0.0,0.0
740,0.0,0.0,0.0,0.0,0.0,0.0
741,0.0,0.0,0.0,0.0,0.0,0.0
742,0.0,0.0,0.0,0.0,0.0,0.0
743,0.0,0.0,0.0,0.0,0.0,0.0
744,0.0,0.0,0.0,0.0,0.0,0.0
745,0.0,0.0,0.0,0.0,0.0,0.0
746,0.0,0.0,0.0,0.0,0.0,0.0
747,0.0,0.0,0.0,0.0,0.0,0.0
748,0.0,0.0,0.0,0.0,0.0,0.0
749,0.0,0.0,0.0,0.0,0.0,0.0
750,0.0,0.0,0.0,0.0,0.0,0.0
751,0.0,0.0,0.0,0.0,0.0,0.0
752,0.0,0.0,0.0,0.0,0.0,0.0
753,0.0,0.0,0.0,0.0,0.0,0.0
754,0.0,0.0,0.0,0.0,0.0,0.0
755,0.0,0.0,0.0,0.0,0.0,0.0
756,0.0,0.0,0.0,0.0,0.0,0.0
757,0.0,0.0,0.0,0.0,0.0,0.0
758,0.0,0.0,0.0,0.0,0.0,0.0
759,0.0,0.0,0.0,0.0,0.0,0.0
760,0.0,0.0,0.0,0.0,0.0,0.0
761,0.0,0.0,0.0,0.0,0.0,0.0
762,0.0,0.0,0.0,0.0,0.0,0.0
763,0.0,0.0,0.0,0.0,0.0,0.0
764,0.0,0.0,0.0,0.0,0.0,0.0
765,0.0,0.0,0.0,0.0,0.0,0.0
766,0.0,0.0,0.0,0.0,0.0,0.0
767,0.0,0.0,0.0,0.0,0.0,0.0
768,0.0,0.0,0.0,0.0,0.0,0.0
769,0.0,0.0,0.0,0.0,0.0,0.0
770,0.0,0.0,0.0,0.0,0.0,0.0
771,0.0,0.0,0.0,0.0,0.0,0.0
772,0.0,0.0,0.0,0.0,0.0,0.0
773,0.0,0.0,0.0,0.0,0.0,0.0
774,0.0,0.0,0.0,0.0,0.0,0.0
775,0.0,0.0,0.0,0.0,0.0,0.0
776,0.0,0.0,0.0,0.0,0.0,0.0
777,0.0,0.0,0.0,0.0,0.0,0.0
778,0.0,0.0,0.0,0.0,0.0,0.0
779,0.0,0.0,0.0,0.0,0.0,0.0
780,0.0,0.0,0.0,0.0,0.0,0.0
781,0.0,0.0,0.0,0.0,0.0,0.0
782,0.0,0.0,0.0,0.0,0.0,0.0
783,0.0,0.0,0.0,0.0,0.0,0.0
784,0.0,0.0,0.0,0.0,0.0,0.0
785,0.0,0.0,0.0,0.0,0.0,0.0
786,0.0,0.0,0.0,0.0,0.0,0.0
787,0.0,0.0,0.0,0.0,0.0,0.0
788,0.0,0.0,0.0,0.0,0.0,0.0
789,0.0,0.0,0.0,0.0,0.0,0.0
790,0.0,0.0,0.0,0.0,0.0,0.0
791,0.0,0.0,0.0,0.0,0.0,0.0
792,0.0,0.0,0.0,0.0,0.0,0.0
793,0.0,0.0,0.0,0.0,0.0,0.0
794,0.0,0.0,0.0,0.0,0.0,0.0
795,0.0,0.0,0.0,0.0,0.0,0.0
796,0.0,0.0,0.0,0.0,0.0,0.0
797,0.0,0.0,0.0,0.0,0.0,0.0
798,0.0,0.0,0.0,0.0,0.0,0.0
799,0.0,0.0,0.0,0.0,0.0,0.0
800,0.0,0.0,0.0,0.0,0.0,0.0
801,0.0,0.0,0.0,0.0,0.0,0.0
802,0.0,0.0,0.0,0.0,0.0,0.0
803,0.0,0.0,0.0,0.0,0.0,0.0
804,0.0,0.0,0.0,0.0,0.0,0.0
805,0.0,0.0,0.0,0.0,0.0,0.0
806,0.0,0.0,0.0,0.0,0.0,0.0
807,0.0,0.0,0.0,0.0,0.0,0.0
808,0.0,0.0,0.0,0.0,0.0,0.0
809,0.0,0.0,0.0,0.0,0.0,0.0
810,0.0,0.0,0.0,0.0,0.0,0.0
811,0.0,0.0,0.0,0.0,0.0,0.0
812,0.0,0.0,0.0,0.0,0.0,0.0
813,0.0,0.0,0.0,0.0,0.0,0.0
814,0.0,0.0,0.0,0.0,0.0,0.0
815,0.0,0.0,0.0,0.0,0.0,0.0
816,0.0,0.0,0.0,0.0,0.0,0.0
817,0.0,0.0,0.0,0.0,0.0,0.0
818,0.0,0.0,0.0,0.0,0.0,0.0
819,0.0,0.0,0.0,0.0,0.0,0.0
820,0.0,0.0,0.0,0.0,0.0,0.0
821,0.0,0.0,0.0,0.0,0.0,0.0
822,0.0,0.0,0.0,0.0,0.0,0.0
823,0.0,0.0,0.0,0.0,0.0,0.0
824,0.0,0.0,0.0,0.0,0.0,0.0
825,0.0,0.0,0.0,0.0,0.0,0.0
826,0.0,0.0,0.0,0.0,0.0,0.0
827,0.0,0.0,0.0,0.0,0.0,0.0
828,0.0,0.0,0.0,0.0,0.0,0.0
829,0.0,0.0,0.0,0.0,0.0,0.0
830,0.0,0.0,0.0,0.0,0.0,0.0
831,0.0,0.0,0.0,0.0,0.0,0.0
832,0.0,0.0,0.0,0.0,0.0,0.0
833,0.0,0.0,0.0,0.0,0.0,0.0
834,0.0,0.0,0.0,0.0,0.0,0.0
835,0.0,0.0,0.0,0.0,0.0,0.0
836,0.0,0.0,0.0,0.0,0.0,0.0
837,0.0,0.0,0.0,0.0,0.0,0.0
838,0.0,0.0,0.0,0.0,0.0,0.0
839,0.0,0.0,0.0,0.0,0.0,0.0
840,0.0,0.0,0.0,0.0,0.0,0.0
841,0.0,0.0,0.0,0.0,0.0,0.0
842,0.0,0.0,0.0,0.0,0.0,0.0
843,0.0,0.0,0.0,0.0,0.0,0.0
844,0.0,0.0,0.0,0.0,0.0,0.0
845,0.0,0.0,0.0,0.0,0.0,0.0
846,0.0,0.0,0.0,0.0,0.0,0.0
847,0.0,0.0,0.0,0.0,0.0,0.0
848,0.0,0.0,0.0,0.0,0.0,0.0
849,0.0,0.0,0.0,0.0,0.0,0.0
850,0.0,0.0,0.0,0.0,0.0,0.0
851,0.0,0.0,0.0,0.0,0.0,0.0
852,0.0,0.0,0.0,0.0,0.0,0.0
853,0.0,0.0,0.0,0.0,0.0,0.0
854,0.0,0.0,0.0,0.0,0.0,0.0
855,0.0,0.0,0.0,0.0,0.0,0.0
856,0.0,0.0,0.0,0.0,0.0,0.0
857,0.0,0.0,0.0,0.0,0.0,0.0
858,0.0,0.0,0.0,0.0,0.0,0.0
859,0.0,0.0,0.0,0.0,0.0,0.0
860,0.0,0.0,0.0,0.0,0.0,0.0
861,0.0,0.0,0.0,0.0,0.0,0.0
862,0.0,0.0,0.0,0.0,0.0,0.0
863,0.0,0.0,0.0,0.0,0.0,0.0
864,0.0,0.0,0.0,0.0,0.0,0.0
865,0.0,0.0,0.0,0.0,0.0,0.0
866,0.0,0.0,0.0,0.0,0.0,0.0
867,0.0,0.0,0.0,0.0,0.0,0.0
868,0.0,0.0,0.0,0.0,0.0,0.0
869,0.0,0.0,0.0,0.0,0.0,0.0
870,0.0,0.0,0.0,0.0,0.0,0.0
871,0.0,0.0,0.0,0.0,0.0,0.0
872,0.0,0.0,0.0,0.0,0.0,0.0
873,0.0,0.0,0.0,0.0,0.0,0.0
874,0.0,0.0,0.0,0.0,0.0,0.0
875,0.0,0.0,0.0,0.0,0.0,0.0
876,0.0,0.0,0.0,0.0,0.0,0.0
877,0.0,0.0,0.0,0.0,0.0,0.0
878,0.0,0.0,0.0,0.0,0.0,0.0
879,0.0,0.0,0.0,0.0,0.0,0.0
880,0.0,0.0,0.0,0.0,0.0,0.0
881,0.0,0.0,0.0,0.0,0.0,0.0
882,0.0,0.0,0.0,0.0,0.0,0.0
883,0.0,0.0,0.0,0.0,0.0,0.0
884,0.0,0.0,0.0,0.0,0.0,0.0
885,0.0,0.0,0.0,0.0,0.0,0.0
886,0.0,0.0,0.0,0.0,0.0,0.0
887,0.0,0.0,0.0,0.0,0.0,0.0
888,0.0,0.0,0.0,0.0,0.0,0.0
889,0.0,0.0,0.0,0.0,0.0,0.0
890,0.0,0.0,0.0,0.0,0.0,0.0
891,0.0,0.0,0.0,0.0,0.0,0.0
892,0.0,0.0,0.0,0.0,0.0,0.0
893,0.0,0.0,0.0,0.0,0.0,0.0
894,0.0,0.0,0.0,0.0,0.0,0.0
895,0.0,0.0,0.0,0.0,0.0,0.0
896,0.0,0.0,0.0,0.0,0.0,0.0
897,0.0,0.0,0.0,0.0,0.0,0.0
898,0.0,0.0,0.0,0.0,0.0,0.0
899,0.0,0.0,0.0,0.0,0.0,0.0
900,0.0,0.0,0.0,0.0,0.0,0.0
901,0.0,0.0,0.0,0.0,0.0,0.0
902,0.0,0.0,0.0,0.0,0.0,0.0
903,0.0,0.0,0.0,0.0,0.0,0.0
904,0.0,0.0,0.0,0.0,0.0,0.0
905,0.0,0.0,0.0,0.0,0.0,0.0
906,0.0,0.0,0.0,0.0,0.0,0.0
907,0.0,0.0,0.0,0.0,0.0,0.0
908,0.0,0.0,0.0,0.0,0.0,0.0
909,0.0,0.0,0.0,0.0,0.0,0.0
910,0.0,0.0,0.0,0.0,0.0,0.0
911,0.0,0.0,0.0,0.0,0.0,0.0
912,0.0,0.0,0.0,0.0,0.0,0.0
913,0.0,0.0,0.0,0.0,0.0,0.0
914,0.0,0.0,0.0,0.0,0.0,0.0
915,0.0,0.0,0.0,0.0,0.0,0.0
916,0.0,0.0,0.0,0.0,0.0,0.0
917,0.0,0.0,0.0,0.0,0.0,0.0
918,0.0,0.0,0.0,0.0,0.0,0.0
919,0.0,0.0,0.0,0.0,0.0,0.0
920,0.0,0.0,0.0,0.0,0.0,0.0
921,0.0,0.0,0.0,0.0,0.0,0.0
922,0.0,0.0,0.0,0.0,0.0,0.0
923,0.0,0.0,0.0,0.0,0.0,0.0
924,0.0,0.0,0.0,0.0,0.0,0.0
925,0.0,0.0,0.0,0.0,0.0,0.0
926,0.0,0.0,0.0,0.0,0.0,0.0
927,0.0,0.0,0.0,0.0,0.0,0.0
928,0.0,0.0,0.0,0.0,0.0,0.0
929,0.0,0.0,0.0,0.0,0.0,0.0
930,0.0,0.0,0.0,0.0,0.0,0.0
931,0.0,0.0,0.0,0.0,0.0,0.0
932,0.0,0.0,0.0,0.0,0.0,0.0
933,0.0,0.0,0.0,0.0,0.0,0.0
934,0.0,0.0,0.0,0.0,0.0,0.0
935,0.0,0.0,0.0,0.0,0.0,0.0
936,0.0,0.0,0.0,0.0,0.0,0.0
937,0.0,0.0,0.0,0.0,0.0,0.0
938,0.0,0.0,0.0,0.0,0.0,0.0
939,0.0,0.0,0.0,0.0,0.0,0.0
940,0.0,0.0,0.0,0.0,0.0,0.0
941,0.0,0.0,0.0,0.0,0.0,0.0
942,0.0,0.0,0.0,0.0,0.0,0.0
943,0.0,0.0,0.0,0.0,0.0,0.0
944,0.0,0.0,0.0,0.0,0.0,0.0
945,0.0,0.0,0.0,0.0,0.0,0.0
946,0.0,0.0,0.0,0.0,0.0,0.0
947,0.0,0.0,0.0,0.0,0.0,0.0
948,0.0,0.0,0.0,0.0,0.0,0.0
949,0.0,0.0,0.0,0.0,0.0,0.0
950,0.0,0.0,0.0,0.0,0.0,0.0
951,0.0,0.0,0.0,0.0,0.0,0.0
952,0.0,0.0,0.0,0.0,0.0,0.0
953,0.0,0.0,0.0,0.0,0.0,0.0
954,0.0,0.0,0.0,0.0,0.0,0.0
955,0.0,0.0,0.0,0.0,0.0,0.0
956,0.0,0.0,0.0,0.0,0.0,0.0
957,0.0,0.0,0.0,0.0,0.0,0.0
958,0.0,0.0,0.0,0.0,0.0,0.0
959,0.0,0.0,0.0,0.0,0.0,0.0
960,0.0,0.0,0.0,0.0,0.0,0.0
961,0.0,0.0,0.0,0.0,0.0,0.0
962,0.0,0.0,0.0,0.0,0.0,0.0
963,0.0,0.0,0.0,0.0,0.0,0.0
964,0.0,0.0,0.0,0.0,0.0,0.0
965,0.0,0.0,0.0,0.0,0.0,0.0
966,0.0,0.0,0.0,0.0,0.0,0.0
967,0.0,0.0,0.0,0.0,0.0,0.0
968,0.0,0.0,0.0,0.0,0.0,0.0
969,0.0,0.0,0.0,0.0,0.0,0.0
970,0.0,0.0,0.0,0.0,0.0,0.0
971,0.0,0.0,0.0,0.0,0.0,0.0
972,0.0,0.0,0.0,0.0,0.0,0.0
973,0.0,0.0,0.0,0.0,0.0,0.0
974,0.0,0.0,0.0,0.0,0.0,0.0
975,0.0,0.0,0.0,0.0,0.0,0.0
976,0.0,0.0,0.0,0.0,0.0,0.0
977,0.0,0.0,0.0,0.0,0.0,0.0
978,0.0,0.0,0.0,0.0,0.0,0.0
979,0.0,0.0,0.0,0.0,0.0,0.0
980,0.0,0.0,0.0,0.0,0.0,0.0
981,0.0,0.0,0.0,0.0,0.0,0.0
982,0.0,0.0,0.0,0.0,0.0,0.0
983,0.0,0.0,0.0,0.0,0.0,0.0
984,0.0,0.0,0.0,0.0,0.0,0.0
985,0.0,0.0,0.0,0.0,0.0,0.0
986,0.0,0.0,0.0,0.0,0.0,0.0
987,0.0,0.0,0.0,0.0,0.0,0.0
988,0.0,0.0,0.0,0.0,0.0,0.0
989,0.0,0.0,0.0,0.0,0.0,0.0
990,0.0,0.0,0.0,0.0,0.0,0.0
991,0.0,0.0,0.0,0.0,0.0,0.0
992,0.0,0.0,0.0,0.0,0.0,0.0
993,0.0,0.0,0.0,0.0,0.0,0.0
994,0.0,0.0,0.0,0.0,0.0,0.0
995,0.0,0.0,0.0,0.0,0.0,0.0
996,0.0,0.0,0.0,0.0,0.0,0.0
997,0.0,0.0,0.0,0.0,0.0,0.0
998,0.0,0.0,0.0,0.0,0.0,0.0
999,0.0,0.0,0.0,0.0,0.0,0.0
